100,0.00045,0
100.58,0.000452608,0
101.163,0.000455232,0
101.749,0.00045787,0
102.338,0.000460523,0
102.931,0.000463191,0
103.528,0.000465875,0
104.127,0.000468574,0
104.731,0.000471288,0
105.337,0.000474017,0
105.947,0.000476763,0
106.561,0.000479523,0
107.178,0.0004823,0
107.798,0.000485092,0
108.422,0.0004879,0
109.05,0.000490724,0
109.681,0.000493565,0
110.316,0.000496421,0
110.954,0.000499293,0
111.596,0.000502182,0
112.242,0.000505088,0
112.891,0.00050801,0
113.544,0.000510948,0
114.201,0.000513903,0
114.861,0.000516875,0
115.525,0.000519864,0
116.193,0.00052287,0
116.865,0.000525893,0
117.541,0.000528933,0
118.22,0.00053199,0
118.903,0.000535065,0
119.59,0.000538157,0
120.281,0.000541267,0
120.976,0.000544394,0
121.675,0.000547539,0
122.378,0.000550702,0
123.085,0.000553883,0
123.796,0.000557082,0
124.511,0.000560299,0
125.23,0.000563535,0
125.953,0.000566788,0
126.68,0.00057006,0
127.411,0.000573351,0
128.147,0.000576661,0
128.886,0.000579989,0
129.63,0.000583336,0
130.378,0.000586702,0
131.13,0.000590087,0
131.887,0.000593491,0
132.648,0.000596915,0
133.413,0.000600358,0
134.182,0.000603821,0
134.956,0.000607303,0
135.734,0.000610805,0
136.517,0.000614326,0
137.304,0.000617868,0
138.096,0.00062143,0
138.891,0.000625012,0
139.692,0.000628614,0
140.497,0.000632237,0
141.307,0.00063588,0
142.121,0.000639543,0
142.94,0.000643228,0
143.763,0.000646933,0
144.591,0.000650659,0
145.424,0.000654407,0
146.261,0.000658175,0
147.103,0.000661965,0
147.95,0.000665777,0
148.802,0.00066961,0
149.659,0.000673464,0
150.52,0.000677341,0
151.386,0.000681239,0
152.258,0.000685159,0
153.134,0.000689102,0
154.015,0.000693067,0
154.901,0.000697054,0
155.792,0.000701064,0
156.688,0.000705096,0
157.589,0.000709151,0
158.495,0.000713229,0
159.407,0.00071733,0
160.323,0.000721455,0
161.245,0.000725602,0
162.172,0.000729773,0
163.104,0.000733968,0
164.041,0.000738186,0
164.984,0.000742428,0
165.932,0.000746694,0
166.885,0.000750985,0
167.844,0.000755299,0
168.808,0.000759638,0
169.778,0.000764001,0
170.753,0.000768389,0
171.734,0.000772801,0
172.72,0.000777239,0
173.711,0.000781701,0
174.709,0.000786189,0
175.712,0.000790702,0
176.72,0.00079524,0
177.734,0.000799804,0
178.754,0.000804394,0
179.78,0.00080901,0
180.811,0.000813651,0
181.849,0.000818319,0
182.892,0.000823013,0
183.941,0.000827734,0
184.996,0.000832481,0
186.057,0.000837255,0
187.124,0.000842056,0
188.196,0.000846884,0
189.275,0.000851739,0
190.36,0.000856621,0
191.451,0.000861531,0
192.549,0.000866469,0
193.652,0.000871434,0
194.762,0.000876427,0
195.877,0.000881449,0
197,0.000886498,0
198.128,0.000891576,0
199.263,0.000896683,0
200.404,0.000901819,0
201.552,0.000906983,0
202.706,0.000912176,0
203.866,0.000917399,0
205.033,0.000922651,0
206.207,0.000927932,0
207.387,0.000933243,0
208.574,0.000938584,0
209.768,0.000943955,0
210.968,0.000949357,0
212.175,0.000954788,0
213.389,0.00096025,0
214.61,0.000965743,0
215.837,0.000971267,0
217.071,0.000976822,0
218.313,0.000982408,0
219.561,0.000988025,0
220.816,0.000993674,0
222.079,0.000999355,0
223.348,0.00100507,0
224.625,0.00101081,0
225.909,0.00101659,0
227.2,0.0010224,0
228.498,0.00102824,0
229.803,0.00103411,0
231.116,0.00104002,0
232.436,0.00104596,0
233.764,0.00105194,0
235.099,0.00105794,0
236.441,0.00106399,0
237.791,0.00107006,0
239.149,0.00107617,0
240.514,0.00108231,0
241.887,0.00108849,0
243.268,0.0010947,0
244.656,0.00110095,0
246.052,0.00110723,0
247.456,0.00111355,0
248.868,0.00111991,0
250.288,0.00112629,0
251.715,0.00113272,0
253.151,0.00113918,0
254.595,0.00114568,0
256.047,0.00115221,0
257.507,0.00115878,0
258.975,0.00116539,0
260.451,0.00117203,0
261.936,0.00117871,0
263.429,0.00118543,0
264.93,0.00119218,0
266.44,0.00119898,0
267.958,0.00120581,0
269.484,0.00121268,0
271.02,0.00121959,0
272.563,0.00122653,0
274.116,0.00123352,0
275.677,0.00124055,0
277.247,0.00124761,0
278.825,0.00125471,0
280.413,0.00126186,0
282.009,0.00126904,0
283.614,0.00127626,0
285.229,0.00128353,0
286.852,0.00129083,0
288.484,0.00129818,0
290.126,0.00130556,0
291.776,0.00131299,0
293.436,0.00132046,0
295.105,0.00132797,0
296.784,0.00133553,0
298.471,0.00134312,0
300.169,0.00135076,0
301.875,0.00135844,0
303.592,0.00136616,0
305.317,0.00137393,0
307.053,0.00138174,0
308.798,0.00138959,0
310.553,0.00139749,0
312.318,0.00140543,0
314.092,0.00141342,0
315.877,0.00142145,0
317.671,0.00142952,0
319.476,0.00143764,0
321.29,0.00144581,0
323.115,0.00145402,0
324.95,0.00146227,0
326.795,0.00147058,0
328.65,0.00147892,0
330.516,0.00148732,0
332.392,0.00149576,0
334.278,0.00150425,0
336.175,0.00151279,0
338.083,0.00152137,0
340.001,0.00153001,0
341.93,0.00153869,0
343.87,0.00154741,0
345.82,0.00155619,0
347.782,0.00156502,0
349.754,0.00157389,0
351.737,0.00158282,0
353.732,0.00159179,0
355.737,0.00160082,0
357.754,0.00160989,0
359.782,0.00161902,0
361.821,0.00162819,0
363.871,0.00163742,0
365.933,0.0016467,0
368.006,0.00165603,0
370.091,0.00166541,0
372.188,0.00167485,0
374.296,0.00168433,0
376.416,0.00169387,0
378.548,0.00170346,0
380.691,0.00171311,0
382.847,0.00172281,0
385.014,0.00173256,0
387.194,0.00174237,0
389.385,0.00175223,0
391.589,0.00176215,0
393.805,0.00177212,0
396.034,0.00178215,0
398.274,0.00179223,0
400.527,0.00180237,0
402.793,0.00181257,0
405.072,0.00182282,0
407.363,0.00183313,0
409.666,0.0018435,0
411.983,0.00185392,0
414.312,0.0018644,0
416.654,0.00187495,0
419.01,0.00188554,0
421.378,0.0018962,0
423.76,0.00190692,0
426.154,0.0019177,0
428.563,0.00192853,0
430.984,0.00193943,0
433.419,0.00195038,0
435.867,0.0019614,0
438.329,0.00197248,0
440.805,0.00198362,0
443.294,0.00199482,0
445.797,0.00200609,0
448.314,0.00201741,0
450.845,0.0020288,0
453.39,0.00204026,0
455.949,0.00205177,0
458.523,0.00206335,0
461.11,0.002075,0
463.712,0.0020867,0
466.329,0.00209848,0
468.959,0.00211032,0
471.605,0.00212222,0
474.265,0.00213419,0
476.94,0.00214623,0
479.629,0.00215833,0
482.334,0.0021705,0
485.053,0.00218274,0
487.788,0.00219505,0
490.538,0.00220742,0
493.303,0.00221986,0
496.083,0.00223237,0
498.878,0.00224495,0
501.689,0.0022576,0
504.516,0.00227032,0
507.358,0.00228311,0
510.216,0.00229597,0
513.09,0.00230891,0
515.98,0.00232191,0
518.886,0.00233499,0
521.807,0.00234813,0
524.745,0.00236135,0
527.699,0.00237465,0
530.67,0.00238802,0
533.657,0.00240146,0
536.66,0.00241497,0
539.68,0.00242856,0
542.717,0.00244223,0
545.771,0.00245597,0
548.841,0.00246978,0
551.928,0.00248368,0
555.033,0.00249765,0
558.154,0.00251169,0
561.293,0.00252582,0
564.449,0.00254002,0
567.623,0.0025543,0
570.814,0.00256866,0
574.023,0.0025831,0
577.249,0.00259762,0
580.493,0.00261222,0
583.755,0.0026269,0
587.036,0.00264166,0
590.334,0.0026565,0
593.65,0.00267143,0
596.985,0.00268643,0
600.338,0.00270152,0
603.71,0.00271669,0
607.1,0.00273195,0
610.509,0.00274729,0
613.936,0.00276271,0
617.383,0.00277822,0
620.849,0.00279382,0
624.333,0.0028095,0
627.837,0.00282527,0
631.361,0.00284112,0
634.903,0.00285706,0
638.465,0.00287309,0
642.047,0.00288921,0
645.649,0.00290542,0
649.27,0.00292172,0
652.911,0.0029381,0
656.573,0.00295458,0
660.254,0.00297114,0
663.956,0.0029878,0
667.678,0.00300455,0
671.421,0.00302139,0
675.184,0.00303833,0
678.968,0.00305536,0
682.773,0.00307248,0
686.599,0.00308969,0
690.446,0.00310701,0
694.314,0.00312441,0
698.203,0.00314191,0
702.113,0.00315951,0
706.046,0.00317721,0
709.999,0.003195,0
713.975,0.00321289,0
717.972,0.00323088,0
721.992,0.00324896,0
726.033,0.00326715,0
730.097,0.00328544,0
734.183,0.00330382,0
738.291,0.00332231,0
742.422,0.0033409,0
746.576,0.00335959,0
750.753,0.00337839,0
754.952,0.00339728,0
759.175,0.00341629,0
763.42,0.00343539,0
767.689,0.0034546,0
771.982,0.00347392,0
776.298,0.00349334,0
780.638,0.00351287,0
785.001,0.00353251,0
789.389,0.00355225,0
793.801,0.0035721,0
798.236,0.00359206,0
802.697,0.00361214,0
807.181,0.00363232,0
811.691,0.00365261,0
816.225,0.00367301,0
820.783,0.00369353,0
825.367,0.00371415,0
829.976,0.00373489,0
834.611,0.00375575,0
839.27,0.00377672,0
843.956,0.0037978,0
848.666,0.003819,0
853.403,0.00384031,0
858.166,0.00386175,0
862.955,0.0038833,0
867.77,0.00390496,0
872.611,0.00392675,0
877.479,0.00394866,0
882.374,0.00397068,0
887.295,0.00399283,0
892.243,0.0040151,0
897.219,0.00403749,0
902.222,0.00406,0
907.252,0.00408263,0
912.309,0.00410539,0
917.395,0.00412828,0
922.508,0.00415129,0
927.649,0.00417442,0
932.818,0.00419768,0
938.016,0.00422107,0
943.242,0.00424459,0
948.496,0.00426823,0
953.78,0.00429201,0
959.092,0.00431591,0
964.433,0.00433995,0
969.804,0.00436412,0
975.204,0.00438842,0
980.633,0.00441285,0
986.092,0.00443741,0
991.581,0.00446211,0
997.1,0.00448695,0
1002.65,0.00451192,0
1008.23,0.00453703,0
1013.84,0.00456227,0
1019.48,0.00458765,0
1025.15,0.00461317,0
1030.85,0.00463883,0
1036.59,0.00466463,0
1042.35,0.00469058,0
1048.15,0.00471666,0
1053.97,0.00474288,0
1059.83,0.00476925,0
1065.73,0.00479577,0
1071.65,0.00482242,0
1077.61,0.00484923,0
1083.59,0.00487617,0
1089.62,0.00490327,0
1095.67,0.00493051,0
1101.76,0.00495791,0
1107.88,0.00498545,0
1114.03,0.00501314,0
1120.22,0.00504098,0
1126.44,0.00506898,0
1132.69,0.00509713,0
1138.98,0.00512543,0
1145.31,0.00515388,0
1151.67,0.00518249,0
1158.06,0.00521126,0
1164.49,0.00524018,0
1170.95,0.00526926,0
1177.45,0.0052985,0
1183.98,0.0053279,0
1190.55,0.00535746,0
1197.15,0.00538718,0
1203.79,0.00541706,0
1210.47,0.00544711,0
1217.18,0.00547731,0
1223.93,0.00550769,0
1230.72,0.00553822,0
1237.54,0.00556893,0
1244.4,0.0055998,0
1251.3,0.00563084,0
1258.23,0.00566205,0
1265.21,0.00569342,0
1272.22,0.00572497,0
1279.27,0.00575669,0
1286.35,0.00578859,0
1293.48,0.00582065,0
1300.64,0.00585289,0
1307.85,0.00588531,0
1315.09,0.0059179,0
1322.37,0.00595067,0
1329.69,0.00598362,0
1337.05,0.00601675,0
1344.46,0.00605005,0
1351.9,0.00608354,0
1359.38,0.00611721,0
1366.9,0.00615106,0
1374.47,0.0061851,0
1382.07,0.00621932,0
1389.72,0.00625373,0
1397.41,0.00628832,0
1405.13,0.0063231,0
1412.91,0.00635808,0
1420.72,0.00639324,0
1428.58,0.00642859,0
1436.47,0.00646413,0
1444.42,0.00649987,0
1452.4,0.0065358,0
1460.43,0.00657193,0
1468.5,0.00660825,0
1476.61,0.00664477,0
1484.77,0.00668148,0
1492.98,0.0067184,0
1501.23,0.00675552,0
1509.52,0.00679283,0
1517.86,0.00683035,0
1526.24,0.00686808,0
1534.67,0.00690601,0
1543.14,0.00694414,0
1551.66,0.00698248,0
1560.23,0.00702103,0
1568.84,0.00705979,0
1577.5,0.00709875,0
1586.21,0.00713793,0
1594.96,0.00717732,0
1603.76,0.00721693,0
1612.61,0.00725674,0
1621.51,0.00729678,0
1630.45,0.00733703,0
1639.44,0.0073775,0
1648.49,0.00741819,0
1657.58,0.0074591,0
1666.72,0.00750023,0
1675.91,0.00754158,0
1685.15,0.00758316,0
1694.43,0.00762496,0
1703.77,0.00766698,0
1713.16,0.00770924,0
1722.61,0.00775172,0
1732.1,0.00779444,0
1741.64,0.00783738,0
1751.24,0.00788056,0
1760.88,0.00792397,0
1770.58,0.00796761,0
1780.33,0.0080115,0
1790.14,0.00805561,0
1799.99,0.00809997,0
1809.9,0.00814457,0
1819.87,0.00818941,0
1829.89,0.00823449,0
1839.96,0.00827981,0
1850.08,0.00832538,0
1860.27,0.00837119,0
1870.5,0.00841726,0
1880.79,0.00846357,0
1891.14,0.00851013,0
1901.54,0.00855694,0
1912,0.00860401,0
1922.52,0.00865133,0
1933.09,0.0086989,0
1943.72,0.00874673,0
1954.41,0.00879482,0
1965.15,0.00884317,0
1975.95,0.00889178,0
1986.81,0.00894066,0
1997.73,0.00898979,0
2008.71,0.00903919,0
2019.75,0.00908886,0
2030.84,0.0091388,0
2042,0.009189,0
2053.22,0.00923948,0
2064.5,0.00929023,0
2075.83,0.00934125,0
2087.23,0.00939255,0
2098.69,0.00944412,0
2110.22,0.00949597,0
2121.8,0.0095481,0
2133.45,0.00960052,0
2145.16,0.00965321,0
2156.93,0.00970619,0
2168.77,0.00975945,0
2180.67,0.009813,0
2192.63,0.00986684,0
2204.66,0.00992097,0
2216.75,0.00997539,0
2228.91,0.0100301,0
2241.14,0.0100851,0
2253.43,0.0101404,0
2265.78,0.010196,0
2278.2,0.0102519,0
2290.69,0.0103081,0
2303.25,0.0103646,0
2315.87,0.0104214,0
2328.57,0.0104785,0
2341.33,0.010536,0
2354.16,0.0105937,0
2367.05,0.0106517,0
2380.02,0.0107101,0
2393.06,0.0107688,0
2406.17,0.0108277,0
2419.34,0.010887,0
2432.59,0.0109467,0
2445.91,0.0110066,0
2459.3,0.0110669,0
2472.77,0.0111274,0
2486.3,0.0111884,0
2499.91,0.0112496,0
2513.59,0.0113112,0
2527.35,0.0113731,0
2541.17,0.0114353,0
2555.08,0.0114978,0
2569.06,0.0115607,0
2583.11,0.011624,0
2597.24,0.0116876,0
2611.44,0.0117515,0
2625.72,0.0118157,0
2640.08,0.0118804,0
2654.51,0.0119453,0
2669.02,0.0120106,0
2683.61,0.0120763,0
2698.28,0.0121423,0
2713.03,0.0122086,0
2727.85,0.0122753,0
2742.76,0.0123424,0
2757.74,0.0124098,0
2772.81,0.0124776,0
2787.95,0.0125458,0
2803.18,0.0126143,0
2818.49,0.0126832,0
2833.88,0.0127525,0
2849.35,0.0128221,0
2864.91,0.0128921,0
2880.55,0.0129625,0
2896.27,0.0130332,0
2912.08,0.0131044,0
2927.97,0.0131759,0
2943.95,0.0132478,0
2960.01,0.0133201,0
2976.16,0.0133927,0
2992.4,0.0134658,0
3008.72,0.0135392,0
3025.13,0.0136131,0
3041.63,0.0136873,0
3058.22,0.013762,0
3074.89,0.013837,0
3091.65,0.0139124,0
3108.51,0.0139883,0
3125.45,0.0140645,0
3142.49,0.0141412,0
3159.61,0.0142183,0
3176.83,0.0142957,0
3194.14,0.0143736,0
3211.54,0.0144519,0
3229.04,0.0145307,0
3246.63,0.0146098,0
3264.31,0.0146894,0
3282.09,0.0147694,0
3299.96,0.0148498,0
3317.93,0.0149307,0
3335.99,0.015012,0
3354.15,0.0150937,0
3372.41,0.0151758,0
3390.76,0.0152584,0
3409.22,0.0153415,0
3427.77,0.015425,0
3446.42,0.0155089,0
3465.17,0.0155933,0
3484.02,0.0156781,0
3502.97,0.0157634,0
3522.02,0.0158491,0
3541.17,0.0159353,0
3560.43,0.0160219,0
3579.79,0.0161091,0
3599.25,0.0161966,0
3618.82,0.0162847,0
3638.49,0.0163732,0
3658.26,0.0164622,0
3678.14,0.0165516,0
3698.13,0.0166416,0
3718.22,0.016732,0
3738.42,0.0168229,0
3758.73,0.0169143,0
3779.15,0.0170062,0
3799.67,0.0170985,0
3820.31,0.0171914,0
3841.05,0.0172847,0
3861.91,0.0173786,0
3882.88,0.0174729,0
3903.95,0.0175678,0
3925.14,0.0176632,0
3946.45,0.017759,0
3967.87,0.0178554,0
3989.4,0.0179523,0
4011.04,0.0180497,0
4032.8,0.0181476,0
4054.68,0.0182461,0
4076.67,0.018345,0
4098.78,0.0184445,0
4121.01,0.0185445,0
4143.36,0.0186451,0
4165.82,0.0187462,0
4188.41,0.0188478,0
4211.11,0.01895,0
4233.94,0.0190527,0
4256.88,0.019156,0
4279.95,0.0192598,0
4303.14,0.0193642,0
4326.46,0.0194691,0
4349.9,0.0195745,0
4373.46,0.0196806,0
4397.15,0.0197872,0
4420.97,0.0198944,0
4444.91,0.0200021,0
4468.98,0.0201104,0
4493.17,0.0202193,0
4517.5,0.0203287,0
4541.95,0.0204388,0
4566.54,0.0205494,0
4591.25,0.0206606,0
4616.1,0.0207724,0
4641.08,0.0208848,0
4666.19,0.0209978,0
4691.43,0.0211114,0
4716.81,0.0212256,0
4742.32,0.0213405,0
4767.97,0.0214559,0
4793.76,0.0215719,0
4819.68,0.0216885,0
4845.74,0.0218058,0
4871.93,0.0219237,0
4898.27,0.0220422,0
4924.75,0.0221614,0
4951.36,0.0222811,0
4978.12,0.0224015,0
5005.02,0.0225226,0
5032.06,0.0226443,0
5059.25,0.0227666,0
5086.58,0.0228896,0
5114.05,0.0230132,0
5141.67,0.0231375,0
5169.44,0.0232625,0
5197.35,0.0233881,0
5225.41,0.0235143,0
5253.62,0.0236413,0
5281.98,0.0237689,0
5310.49,0.0238972,0
5339.15,0.0240262,0
5367.96,0.0241558,0
5396.93,0.0242862,0
5426.05,0.0244172,0
5455.32,0.0245489,0
5484.75,0.0246814,0
5514.33,0.0248145,0
5544.07,0.0249483,0
5573.97,0.0250829,0
5604.02,0.0252181,0
5634.24,0.0253541,0
5664.61,0.0254908,0
5695.15,0.0256282,0
5725.85,0.0257663,0
5756.7,0.0259052,0
5787.73,0.0260448,0
5818.91,0.0261851,0
5850.26,0.0263262,0
5881.78,0.026468,0
5913.47,0.0266106,0
5945.32,0.0267539,0
5977.34,0.026898,0
6009.52,0.0270429,0
6041.88,0.0271885,0
6074.41,0.0273349,0
6107.11,0.027482,0
6139.99,0.02763,0
6173.04,0.0277787,0
6206.26,0.0279282,0
6239.66,0.0280785,0
6273.23,0.0282295,0
6306.98,0.0283814,0
6340.91,0.0285341,0
6375.02,0.0286876,0
6409.31,0.0288419,0
6443.78,0.028997,0
6478.43,0.029153,0
6513.27,0.0293097,0
6548.29,0.0294673,0
6583.49,0.0296257,0
6618.88,0.029785,0
6654.45,0.029945,0
6690.22,0.030106,0
6726.17,0.0302678,0
6762.31,0.0304304,0
6798.64,0.0305939,0
6835.17,0.0307583,0
6871.88,0.0309235,0
6908.79,0.0310896,0
6945.9,0.0312565,0
6983.2,0.0314244,0
7020.69,0.0315931,0
7058.39,0.0317627,0
7096.28,0.0319333,0
7134.37,0.0321047,0
7172.66,0.032277,0
7211.16,0.0324502,0
7249.85,0.0326243,0
7288.75,0.0327994,0
7327.86,0.0329754,0
7367.17,0.0331523,0
7406.69,0.0333301,0
7446.42,0.0335089,0
7486.35,0.0336886,0
7526.5,0.0338692,0
7566.85,0.0340508,0
7607.42,0.0342334,0
7648.21,0.0344169,0
7689.2,0.0346014,0
7730.42,0.0347869,0
7771.84,0.0349733,0
7813.49,0.0351607,0
7855.36,0.0353491,0
7897.44,0.0355385,0
7939.75,0.0357289,0
7982.28,0.0359203,0
8025.04,0.0361127,0
8068.01,0.0363061,0
8111.22,0.0365005,0
8154.65,0.0366959,0
8198.31,0.0368924,0
8242.2,0.0370899,0
8286.31,0.0372884,0
8330.67,0.037488,0
8375.25,0.0376886,0
8420.07,0.0378903,0
8465.12,0.038093,0
8510.41,0.0382968,0
8555.94,0.0385017,0
8601.7,0.0387077,0
8647.71,0.0389147,0
8693.96,0.0391228,0
8740.45,0.039332,0
8787.18,0.0395423,0
8834.16,0.0397537,0
8881.39,0.0399662,0
8928.86,0.0401799,0
8976.59,0.0403946,0
9024.56,0.0406105,0
9072.78,0.0408275,0
9121.26,0.0410457,0
9169.99,0.041265,0
9218.98,0.0414854,0
9268.22,0.041707,0
9317.72,0.0419298,0
9367.49,0.0421537,0
9417.51,0.0423788,0
9467.79,0.0426051,0
9518.34,0.0428325,0
9569.15,0.0430612,0
9620.23,0.043291,0
9671.58,0.0435221,0
9723.19,0.0437544,0
9775.08,0.0439878,0
9827.23,0.0442225,0
9879.66,0.0444585,0
9932.37,0.0446956,0
9985.35,0.0449341,0
10038.6,0.0451737,0
10092.1,0.0454146,0
10146,0.0456568,0
10200.1,0.0459002,0
10254.4,0.0461449,0
10309.1,0.0463909,0
10364,0.0466382,0
10419.3,0.0468868,0
10474.8,0.0471367,0
10530.6,0.0473878,0
10586.7,0.0476403,0
10643.1,0.0478941,0
10699.8,0.0481493,0
10756.8,0.0484058,0
10814.1,0.0486636,0
10871.7,0.0489227,0
10929.6,0.0491832,0
10987.8,0.0494451,0
11046.3,0.0497084,0
11105.1,0.049973,0
11164.2,0.050239,0
11223.6,0.0505064,0
11283.4,0.0507751,0
11343.4,0.0510453,0
11403.8,0.0513169,0
11464.4,0.0515899,0
11525.4,0.0518644,0
11586.7,0.0521403,0
11648.3,0.0524176,0
11710.3,0.0526963,0
11772.6,0.0529765,0
11835.2,0.0532582,0
11898.1,0.0535414,0
11961.3,0.053826,0
12024.9,0.0541121,0
12088.8,0.0543997,0
12153.1,0.0546888,0
12217.6,0.0549794,0
12282.6,0.0552715,0
12347.8,0.0555651,0
12413.4,0.0558603,0
12479.3,0.056157,0
12545.6,0.0564553,0
12612.2,0.0567551,0
12679.2,0.0570565,0
12746.5,0.0573594,0
12814.2,0.0576639,0
12882.2,0.05797,0
12950.6,0.0582777,0
13019.3,0.058587,0
13088.4,0.058898,0
13157.9,0.0592105,0
13227.7,0.0595247,0
13297.9,0.0598404,0
13368.4,0.0601579,0
13439.3,0.060477,0
13510.6,0.0607977,0
13582.3,0.0611201,0
13654.3,0.0614442,0
13726.7,0.06177,0
13799.4,0.0620975,0
13872.6,0.0624267,0
13946.1,0.0627576,0
14020,0.0630902,0
14094.3,0.0634245,0
14169,0.0637606,0
14244.1,0.0640984,0
14319.6,0.064438,0
14395.4,0.0647794,0
14471.7,0.0651225,0
14548.3,0.0654674,0
14625.4,0.0658141,0
14702.8,0.0661626,0
14780.6,0.0665129,0
14858.9,0.066865,0
14937.5,0.067219,0
15016.6,0.0675748,0
15096.1,0.0679324,0
15176,0.0682919,0
15256.3,0.0686533,0
15337,0.0690165,0
15418.1,0.0693816,0
15499.7,0.0697486,0
15581.7,0.0701176,0
15664.1,0.0704884,0
15746.9,0.0708612,0
15830.2,0.0712359,0
15913.9,0.0716125,0
15998,0.0719911,0
16082.6,0.0723717,0
16167.6,0.0727542,0
16253,0.0731387,0
16338.9,0.0735252,0
16425.3,0.0739137,0
16512.1,0.0743042,0
16599.3,0.0746968,0
16687,0.0750914,0
16775.1,0.075488,0
16863.7,0.0758867,0
16952.8,0.0762874,0
17042.3,0.0766902,0
17132.3,0.0770951,0
17222.7,0.0775022,0
17313.6,0.0779113,0
17405,0.0783225,0
17496.9,0.0787359,0
17589.2,0.0791514,0
17682,0.079569,0
17775.3,0.0799888,0
17869.1,0.0804108,0
17963.3,0.080835,0
18058.1,0.0812613,0
18153.3,0.0816899,0
18249,0.0821207,0
18345.3,0.0825537,0
18442,0.082989,0
18539.2,0.0834265,0
18636.9,0.0838663,0
18735.2,0.0843083,0
18833.9,0.0847526,0
18933.2,0.0851992,0
19032.9,0.0856482,0
19133.2,0.0860994,0
19234,0.086553,0
19335.3,0.087009,0
19437.2,0.0874672,0
19539.5,0.0879279,0
19642.4,0.0883909,0
19745.9,0.0888563,0
19849.8,0.0893242,0
19954.3,0.0897944,0
20059.4,0.0902671,0
20164.9,0.0907422,0
20271.1,0.0912198,0
20377.7,0.0916998,0
20485,0.0921823,0
20592.7,0.0926673,0
20701.1,0.0931548,0
20810,0.0936448,0
20919.4,0.0941374,0
21029.4,0.0946325,0
21140,0.0951301,0
21251.2,0.0956303,0
21362.9,0.0961331,0
21475.2,0.0966385,0
21588.1,0.0971465,0
21701.6,0.0976571,0
21815.6,0.0981703,0
21930.3,0.0986862,0
22045.5,0.0992047,0
22161.3,0.0997259,0
22277.7,0.10025,0
22394.8,0.100776,0
22512.4,0.101306,0
22630.6,0.101838,0
22749.5,0.102373,0
22868.9,0.10291,0
22989,0.10345,0
23109.7,0.103993,0
23231,0.104539,0
23352.9,0.105088,0
23475.5,0.10564,0
23598.7,0.106194,0
23722.5,0.106751,0
23846.9,0.107311,0
23972,0.107874,0
24097.8,0.10844,0
24224.2,0.109009,0
24351.2,0.10958,0
24478.9,0.110155,0
24607.3,0.110733,0
24736.3,0.111313,0
24866,0.111897,0
24996.3,0.112483,0
25127.3,0.113073,0
25259,0.113665,0
25391.4,0.114261,0
25524.4,0.11486,0
25658.1,0.115462,0
25792.5,0.116066,0
25927.7,0.116674,0
26063.5,0.117286,0
26199.9,0.1179,0
26337.1,0.118517,0
26475,0.119138,0
26613.7,0.119761,0
26753,0.120388,0
26893,0.121019,0
27033.8,0.121652,0
27175.3,0.122289,0
27317.5,0.122929,0
27460.4,0.123572,0
27604.1,0.124218,0
27748.5,0.124868,0
27893.6,0.125521,0
28039.5,0.126178,0
28186.1,0.126838,0
28333.5,0.127501,0
28481.7,0.128168,0
28630.6,0.128838,0
28780.3,0.129511,0
28930.7,0.130188,0
29081.9,0.130869,0
29233.9,0.131553,0
29386.7,0.13224,0
29540.2,0.132931,0
29694.5,0.133625,0
29849.7,0.134323,0
30005.6,0.135025,0
30162.3,0.13573,0
30319.8,0.136439,0
30478.1,0.137152,0
30637.3,0.137868,0
30797.2,0.138588,0
30958,0.139311,0
31119.6,0.140038,0
31282,0.140769,0
31445.3,0.141504,0
31609.4,0.142242,0
31774.3,0.142984,0
31940.1,0.14373,0
32106.7,0.14448,0
32274.2,0.145234,0
32442.5,0.145991,0
32611.7,0.146753,0
32781.7,0.147518,0
32952.7,0.148287,0
33124.5,0.14906,0
33297.1,0.149837,0
33470.7,0.150618,0
33645.1,0.151403,0
33820.5,0.152192,0
33996.7,0.152985,0
34173.9,0.153782,0
34351.9,0.154584,0
34530.8,0.155389,0
34710.7,0.156198,0
34891.5,0.157012,0
35073.2,0.157829,0
35255.8,0.158651,0
35439.4,0.159477,0
35623.9,0.160308,0
35809.4,0.161142,0
35995.7,0.161981,0
36183.1,0.162824,0
36371.4,0.163671,0
36560.7,0.164523,0
36750.9,0.165379,0
36942.1,0.166239,0
37134.3,0.167104,0
37327.4,0.167973,0
37521.5,0.168847,0
37716.7,0.169725,0
37912.8,0.170608,0
38109.9,0.171495,0
38308.1,0.172386,0
38507.2,0.173282,0
38707.4,0.174183,0
38908.5,0.175088,0
39110.7,0.175998,0
39314,0.176913,0
39518.2,0.177832,0
39723.5,0.178756,0
39929.9,0.179684,0
40137.3,0.180618,0
40345.7,0.181556,0
40555.3,0.182499,0
40765.9,0.183446,0
40977.5,0.184399,0
41190.3,0.185356,0
41404.1,0.186318,0
41619,0.187285,0
41835,0.188258,0
42052.1,0.189234,0
42270.3,0.190216,0
42489.6,0.191203,0
42710.1,0.192195,0
42931.6,0.193192,0
43154.3,0.194194,0
43378.1,0.195202,0
43603.1,0.196214,0
43829.2,0.197231,0
44056.4,0.198254,0
44284.8,0.199282,0
44514.4,0.200315,0
44745.1,0.201353,0
44977,0.202397,0
45210.1,0.203445,0
45444.4,0.2045,0
45679.8,0.205559,0
45916.5,0.206624,0
46154.3,0.207695,0
46393.4,0.20877,0
46633.7,0.209852,0
46875.2,0.210938,0
47117.9,0.212031,0
47361.9,0.213128,0
47607.1,0.214232,0
47853.5,0.215341,0
48101.2,0.216455,0
48350.1,0.217576,0
48600.3,0.218702,0
48851.8,0.219833,0
49104.6,0.220971,0
49358.6,0.222114,0
49613.9,0.223263,0
49870.6,0.224418,0
50128.5,0.225578,0
50387.7,0.226745,0
50648.3,0.227917,0
50910.1,0.229096,0
51173.3,0.23028,0
51437.9,0.23147,0
51703.7,0.232667,0
51970.9,0.233869,0
52239.5,0.235078,0
52509.5,0.236293,0
52780.8,0.237513,0
53053.4,0.23874,0
53327.5,0.239974,0
53602.9,0.241213,0
53879.8,0.242459,0
54158,0.243711,0
54437.7,0.244969,0
54718.7,0.246234,0
55001.2,0.247505,0
55285.1,0.248783,0
55570.5,0.250067,0
55857.3,0.251358,0
56145.5,0.252655,0
56435.2,0.253959,0
56726.4,0.255269,0
57019.1,0.256586,0
57313.2,0.257909,0
57608.8,0.25924,0
57905.9,0.260577,0
58204.5,0.26192,0
58504.6,0.263271,0
58806.3,0.264628,0
59109.4,0.265993,0
59414.1,0.267364,0
59720.4,0.268742,0
60028.2,0.270127,0
60337.5,0.271519,0
60648.4,0.272918,0
60960.9,0.274324,0
61274.9,0.275737,0
61590.6,0.277158,0
61907.8,0.278585,0
62226.6,0.28002,0
62547.1,0.281462,0
62869.1,0.282911,0
63192.8,0.284368,0
63518.1,0.285832,0
63845.1,0.287303,0
64173.7,0.288782,0
64504,0.290268,0
64835.9,0.291762,0
65169.5,0.293263,0
65504.8,0.294772,0
65841.8,0.296288,0
66180.5,0.297812,0
66520.9,0.299344,0
66863,0.300884,0
67206.9,0.302431,0
67552.4,0.303986,0
67899.7,0.305549,0
68248.8,0.30712,0
68599.6,0.308698,0
68952.2,0.310285,0
69306.6,0.31188,0
69662.7,0.313482,0
70020.7,0.315093,0
70380.4,0.316712,0
70742,0.318339,0
71105.4,0.319974,0
71470.6,0.321618,0
71837.6,0.323269,0
72206.5,0.324929,0
72577.3,0.326598,0
72949.9,0.328275,0
73324.4,0.32996,0
73700.8,0.331654,0
74079.1,0.333356,0
74459.3,0.335067,0
74841.3,0.336786,0
75225.4,0.338514,0
75611.3,0.340251,0
75999.2,0.341996,0
76389,0.343751,0
76780.8,0.345514,0
77174.6,0.347286,0
77570.4,0.349067,0
77968.1,0.350856,0
78367.8,0.352655,0
78769.6,0.354463,0
79173.4,0.35628,0
79579.1,0.358106,0
79987,0.359941,0
80396.9,0.361786,0
80808.8,0.36364,0
81222.8,0.365503,0
81638.9,0.367375,0
82057.1,0.369257,0
82477.4,0.371148,0
82899.8,0.373049,0
83324.3,0.374959,0
83750.9,0.376879,0
84179.7,0.378809,0
84610.6,0.380748,0
85043.7,0.382697,0
85479,0.384656,0
85916.5,0.386624,0
86356.1,0.388603,0
86798,0.390591,0
87242.1,0.392589,0
87688.4,0.394598,0
88136.9,0.396616,0
88587.7,0.398645,0
89040.7,0.400683,0
89496.1,0.402732,0
89953.7,0.404791,0
90413.5,0.406861,0
90875.7,0.408941,0
91340.3,0.411031,0
91807.1,0.413132,0
92276.3,0.415243,0
92747.8,0.417365,0
93221.7,0.419498,0
93698,0.421641,0
94176.6,0.423795,0
94657.7,0.42596,0
95141.2,0.428135,0
95627,0.430322,0
96115.4,0.432519,0
96606.1,0.434727,0
97099.3,0.436947,0
97595,0.439178,0
98093.2,0.441419,0
98593.8,0.443672,0
99097,0.445936,0
99602.7,0.448212,0
100111,0.450499,0
100622,0.452797,0
101135,0.455107,0
101651,0.457429,0
102169,0.459762,0
102690,0.462106,0
103214,0.464463,0
103740,0.466831,0
104269,0.469211,0
104801,0.471603,0
105335,0.474007,0
105872,0.476423,0
106411,0.47885,0
106953,0.481291,0
107498,0.483743,0
108046,0.486207,0
108596,0.488684,0
109150,0.491173,0
109706,0.493675,0
110264,0.496189,0
110826,0.498716,0
111390,0.501255,0
111957,0.503807,0
112527,0.506372,0
113100,0.508949,0
113675,0.511539,0
114254,0.514143,0
114835,0.516759,0
115420,0.519388,0
116007,0.522031,0
116597,0.524686,0
117190,0.527355,0
117786,0.530037,0
118385,0.532733,0
118987,0.535442,0
119592,0.538164,0
120200,0.5409,0
120811,0.54365,0
121425,0.546413,0
122042,0.54919,0
122662,0.551981,0
123286,0.554786,0
123912,0.557605,0
124542,0.560438,0
125174,0.563284,0
125810,0.566146,0
126449,0.569021,0
127091,0.571911,0
127737,0.574815,0
128385,0.577733,0
129037,0.580666,0
129692,0.583614,0
130350,0.586576,0
131012,0.589553,0
131677,0.592545,0
132345,0.595552,0
133016,0.598574,0
133691,0.60161,0
134369,0.604662,0
135051,0.607729,0
135736,0.610811,0
136424,0.613909,0
137116,0.617022,0
137811,0.62015,0
138510,0.623294,0
139212,0.626454,0
139918,0.629629,0
140627,0.63282,0
141339,0.636027,0
142056,0.63925,0
142775,0.642489,0
143499,0.645744,0
144226,0.649015,0
144956,0.652302,0
145690,0.655606,0
146428,0.658926,0
147169,0.662263,0
147915,0.665616,0
148663,0.668986,0
149416,0.672372,0
150172,0.675775,0
150932,0.679195,0
151696,0.682633,0
152464,0.686087,0
153235,0.689558,0
154010,0.693046,0
154789,0.696552,0
155572,0.700075,0
156359,0.703616,0
157150,0.707174,0
157944,0.71075,0
158743,0.714344,0
159546,0.717955,0
160352,0.721584,0
161163,0.725232,0
161977,0.728897,0
162796,0.73258,0
163618,0.736282,0
164445,0.740002,0
165276,0.743741,0
166111,0.747497,0
166950,0.751273,0
167793,0.755067,0
168640,0.75888,0
169492,0.762712,0
170347,0.766563,0
171207,0.770433,0
172072,0.774322,0
172940,0.77823,0
173813,0.782158,0
174690,0.786105,0
175571,0.790072,0
176457,0.794058,0
177348,0.798064,0
178242,0.80209,0
179141,0.806135,0
180045,0.810201,0
180953,0.814286,0
181865,0.818392,0
182782,0.822519,0
183703,0.826665,0
184629,0.830832,0
185560,0.83502,0
186495,0.839228,0
187435,0.843457,0
188379,0.847707,0
189329,0.851978,0
190282,0.85627,0
191241,0.860584,0
192204,0.864918,0
193172,0.869274,0
194145,0.873652,0
195122,0.878051,0
196105,0.882472,0
197092,0.886914,0
198084,0.891379,0
199081,0.895865,0
200083,0.900374,0
201090,0.904905,0
202102,0.909458,0
203119,0.914034,0
204140,0.918632,0
205167,0.923253,0
206199,0.927897,0
207236,0.932563,0
208278,0.937253,0
209326,0.941965,0
210378,0.946701,0
211436,0.951461,0
212499,0.956243,0
213567,0.96105,0
214640,0.965879,0
215718,0.970733,0
216802,0.975611,0
217892,0.980512,0
218986,0.985438,0
220086,0.990388,0
221192,0.995363,0
222303,1.00036,0
223419,1.00538,0
224541,1.01043,0
225668,1.01551,0
226801,1.0206,0
227939,1.02573,0
229083,1.03088,0
230233,1.03605,0
231388,1.04125,0
232549,1.04647,0
233716,1.05172,0
234889,1.057,0
236067,1.0623,0
237251,1.06763,0
238441,1.07298,0
239636,1.07836,0
240838,1.08377,0
242045,1.0892,0
243259,1.09467,0
244478,1.10015,0
245704,1.10567,0
246935,1.11121,0
248172,1.11678,0
249416,1.12237,0
250665,1.12799,0
251921,1.13365,0
253183,1.13932,0
254451,1.14503,0
255725,1.15076,0
257006,1.15653,0
258293,1.16232,0
259586,1.16814,0
260886,1.17399,0
262191,1.17986,0
263504,1.18577,0
264822,1.1917,0
266148,1.19766,0
267479,1.20366,0
268818,1.20968,0
270162,1.21573,0
271514,1.22181,0
272872,1.22792,0
274236,1.23406,0
275608,1.24023,0
276986,1.24644,0
278371,1.25267,0
279762,1.25893,0
281161,1.26522,0
282566,1.27155,0
283978,1.2779,0
285397,1.28429,0
286823,1.2907,0
288256,1.29715,0
289696,1.30363,0
291143,1.31014,0
292597,1.31669,0
294058,1.32326,0
295527,1.32987,0
297002,1.33651,0
298485,1.34318,0
299975,1.34989,0
301473,1.35663,0
302977,1.3634,0
304489,1.3702,0
306009,1.37704,0
307535,1.38391,0
309070,1.39081,0
310612,1.39775,0
312161,1.40472,0
313718,1.41173,0
315282,1.41877,0
316854,1.42585,0
318434,1.43295,0
320022,1.4401,0
321617,1.44728,0
323220,1.45449,0
324831,1.46174,0
326450,1.46903,0
328077,1.47635,0
329711,1.4837,0
331354,1.49109,0
333005,1.49852,0
334663,1.50599,0
336330,1.51349,0
338005,1.52102,0
339688,1.5286,0
341380,1.53621,0
343079,1.54386,0
344787,1.55154,0
346503,1.55926,0
348228,1.56703,0
349961,1.57482,0
351702,1.58266,0
353452,1.59053,0
355211,1.59845,0
356978,1.6064,0
358753,1.61439,0
360538,1.62242,0
362330,1.63049,0
364132,1.63859,0
365943,1.64674,0
367762,1.65493,0
369590,1.66316,0
371427,1.67142,0
373273,1.67973,0
375128,1.68808,0
376992,1.69647,0
378865,1.70489,0
380748,1.71336,0
382639,1.72188,0
384540,1.73043,0
386449,1.73902,0
388369,1.74766,0
390297,1.75634,0
392235,1.76506,0
394182,1.77382,0
396139,1.78263,0
398105,1.79147,0
400081,1.80037,0
402067,1.8093,0
404062,1.81828,0
406066,1.8273,0
408081,1.83636,0
410105,1.84547,0
412139,1.85463,0
414184,1.86383,0
416238,1.87307,0
418301,1.88236,0
420375,1.89169,0
422460,1.90107,0
424554,1.91049,0
426658,1.91996,0
428773,1.92948,0
430898,1.93904,0
433033,1.94865,0
435178,1.9583,0
437334,1.968,0
439501,1.97775,0
441677,1.98755,0
443865,1.99739,0
446063,2.00728,0
448272,2.01722,0
450491,2.02721,0
452721,2.03725,0
454963,2.04733,0
457214,2.05747,0
459477,2.06765,0
461751,2.07788,0
464036,2.08816,0
466332,2.09849,0
468639,2.10888,0
470957,2.11931,0
473287,2.12979,0
475627,2.14032,0
477979,2.15091,0
480343,2.16154,0
482718,2.17223,0
485104,2.18297,0
487502,2.19376,0
489912,2.2046,0
492333,2.2155,0
494766,2.22645,0
497211,2.23745,0
499667,2.2485,0
502136,2.25961,0
504616,2.27077,0
507109,2.28199,0
509613,2.29326,0
512130,2.30458,0
514659,2.31596,0
517200,2.3274,0
519753,2.33889,0
522319,2.35043,0
524897,2.36204,0
527487,2.37369,0
530090,2.38541,0
532706,2.39718,0
535334,2.409,0
537975,2.42089,0
540629,2.43283,0
543296,2.44483,0
545975,2.45689,0
548667,2.469,0
551373,2.48118,0
554091,2.49341,0
556823,2.5057,0
559568,2.51805,0
562326,2.53047,0
565097,2.54294,0
567882,2.55547,0
570680,2.56806,0
573492,2.58071,0
576317,2.59343,0
579156,2.6062,0
582008,2.61904,0
584875,2.63194,0
587755,2.6449,0
590649,2.65792,0
593557,2.67101,0
596479,2.68416,0
599415,2.69737,0
602366,2.71065,0
605330,2.72399,0
608309,2.73739,0
611302,2.75086,0
614310,2.76439,0
617332,2.77799,0
620368,2.79166,0
623420,2.80539,0
626486,2.81919,0
629567,2.83305,0
632662,2.84698,0
635773,2.86098,0
638898,2.87504,0
642039,2.88917,0
645194,2.90337,0
648365,2.91764,0
651551,2.93198,0
654753,2.94639,0
657970,2.96086,0
661202,2.97541,0
664450,2.99002,0
667713,3.00471,0
670993,3.01947,0
674288,3.03429,0
677599,3.04919,0
680925,3.06416,0
684268,3.07921,0
687627,3.09432,0
691002,3.10951,0
694393,3.12477,0
697801,3.1401,0
701225,3.15551,0
704665,3.17099,0
708122,3.18655,0
711595,3.20218,0
715085,3.21788,0
718592,3.23367,0
722116,3.24952,0
725657,3.26546,0
729215,3.28147,0
732789,3.29755,0
736381,3.31372,0
739991,3.32996,0
743617,3.34628,0
747261,3.36268,0
750923,3.37915,0
754602,3.39571,0
758298,3.41234,0
762013,3.42906,0
765745,3.44585,0
769495,3.46273,0
773263,3.47968,0
777049,3.49672,0
780854,3.51384,0
784676,3.53104,0
788517,3.54833,0
792377,3.56569,0
796254,3.58314,0
800151,3.60068,0
804066,3.6183,0
808000,3.636,0
811953,3.65379,0
815924,3.67166,0
819915,3.68962,0
823925,3.70766,0
827954,3.72579,0
832002,3.74401,0
836070,3.76231,0
840157,3.78071,0
844263,3.79919,0
848390,3.81775,0
852536,3.83641,0
856702,3.85516,0
860888,3.874,0
865094,3.89292,0
869320,3.91194,0
873566,3.93105,0
877833,3.95025,0
882120,3.96954,0
886427,3.98892,0
890756,4.0084,0
895104,4.02797,0
899474,4.04763,0
903864,4.06739,0
908276,4.08724,0
912709,4.10719,0
917162,4.12723,0
921637,4.14737,0
926134,4.1676,0
930652,4.18793,0
935191,4.20836,0
939752,4.22889,0
944335,4.24951,0
948940,4.27023,0
953567,4.29105,0
958216,4.31197,0
962887,4.33299,0
967581,4.35411,0
972296,4.37533,0
977035,4.39666,0
981796,4.41808,0
986579,4.43961,0
991386,4.46124,0
996215,4.48297,0
1.00107e+06,4.50481,0
1.00594e+06,4.52675,0
1.01084e+06,4.54879,0
1.01576e+06,4.57094,0
1.02071e+06,4.5932,0
1.02568e+06,4.61556,0
1.03067e+06,4.63803,0
1.03569e+06,4.6606,0
1.04073e+06,4.68329,0
1.0458e+06,4.70608,0
1.05088e+06,4.72898,0
1.056e+06,4.75199,0
1.06113e+06,4.77511,0
1.0663e+06,4.79833,0
1.07148e+06,4.82167,0
1.07669e+06,4.84512,0
1.08193e+06,4.86869,0
1.08719e+06,4.89236,0
1.09248e+06,4.91615,0
1.09779e+06,4.94005,0
1.10313e+06,4.96406,0
1.10849e+06,4.98819,0
1.11387e+06,5.01244,0
1.11929e+06,5.0368,0
1.12473e+06,5.06127,0
1.13019e+06,5.08586,0
1.13568e+06,5.11057,0
1.1412e+06,5.1354,0
1.14674e+06,5.16034,0
1.15231e+06,5.1854,0
1.15791e+06,5.21059,0
1.16353e+06,5.23589,0
1.16918e+06,5.26131,0
1.17486e+06,5.28685,0
1.18056e+06,5.31252,0
1.18629e+06,5.3383,0
1.19205e+06,5.36421,0
1.19783e+06,5.39024,0
1.20364e+06,5.4164,0
1.20948e+06,5.44268,0
1.21535e+06,5.46908,0
1.22125e+06,5.49561,0
1.22717e+06,5.52227,0
1.23312e+06,5.54905,0
1.2391e+06,5.57596,0
1.24511e+06,5.603,0
1.25115e+06,5.63017,0
1.25721e+06,5.65746,0
1.26331e+06,5.68489,0
1.26943e+06,5.71244,0
1.27558e+06,5.74013,0
1.28177e+06,5.76794,0
1.28798e+06,5.79589,0
1.29422e+06,5.82398,0
1.30049e+06,5.85219,0
1.30679e+06,5.88054,0
1.31312e+06,5.90902,0
1.31948e+06,5.93764,0
1.32587e+06,5.9664,0
1.33229e+06,5.99529,0
1.33874e+06,6.02431,0
1.34522e+06,6.05348,0
1.35173e+06,6.08278,0
1.35827e+06,6.11222,0
1.36485e+06,6.14181,0
1.37145e+06,6.17153,0
1.37809e+06,6.20139,0
1.38475e+06,6.23139,0
1.39145e+06,6.26154,0
1.39818e+06,6.29183,0
1.40495e+06,6.32226,0
1.41174e+06,6.35284,0
1.41857e+06,6.38356,0
1.42543e+06,6.41443,0
1.43232e+06,6.44544,0
1.43925e+06,6.4766,0
1.4462e+06,6.50791,0
1.45319e+06,6.53937,0
1.46022e+06,6.57097,0
1.46727e+06,6.60273,0
1.47436e+06,6.63463,0
1.48149e+06,6.66668,0
1.48864e+06,6.69889,0
1.49583e+06,6.73125,0
1.50306e+06,6.76376,0
1.51032e+06,6.79643,0
1.51761e+06,6.82925,0
1.52494e+06,6.86223,0
1.5323e+06,6.89536,0
1.5397e+06,6.92865,0
1.54713e+06,6.96209,0
1.5546e+06,6.9957,0
1.5621e+06,7.02946,0
1.56964e+06,7.06338,0
1.57721e+06,7.09746,0
1.58482e+06,7.13171,0
1.59247e+06,7.16611,0
1.60015e+06,7.20068,0
1.60787e+06,7.23541,0
1.61562e+06,7.27031,0
1.62342e+06,7.30537,0
1.63124e+06,7.34059,0
1.63911e+06,7.37598,0
1.64701e+06,7.41154,0
1.65495e+06,7.44727,0
1.66293e+06,7.48317,0
1.67094e+06,7.51923,0
1.67899e+06,7.55547,0
1.68708e+06,7.59187,0
1.69521e+06,7.62845,0
1.70338e+06,7.6652,0
1.71158e+06,7.70212,0
1.71983e+06,7.73922,0
1.72811e+06,7.77649,0
1.73643e+06,7.81394,0
1.74479e+06,7.85157,0
1.75319e+06,7.88937,0
1.76163e+06,7.92735,0
1.77011e+06,7.96551,0
1.77863e+06,8.00385,0
1.78719e+06,8.04237,0
1.79579e+06,8.08107,0
1.80443e+06,8.11995,0
1.81312e+06,8.15902,0
1.82184e+06,8.19827,0
1.8306e+06,8.23771,0
1.83941e+06,8.27733,0
1.84825e+06,8.31714,0
1.85714e+06,8.35713,0
1.86607e+06,8.39732,0
1.87504e+06,8.43769,0
1.88406e+06,8.47825,0
1.89311e+06,8.51901,0
1.90221e+06,8.55995,0
1.91135e+06,8.60109,0
1.92054e+06,8.64242,0
1.92977e+06,8.68395,0
1.93904e+06,8.72567,0
1.94835e+06,8.76759,0
1.95771e+06,8.80971,0
1.96712e+06,8.85202,0
1.97656e+06,8.89453,0
1.98605e+06,8.93724,0
1.99559e+06,8.98016,0
2.00517e+06,9.02327,0
2.0148e+06,9.06659,0
2.02447e+06,9.11011,0
2.03419e+06,9.15384,0
2.04395e+06,9.19777,0
2.05376e+06,9.2419,0
2.06361e+06,9.28625,0
2.07351e+06,9.3308,0
2.08346e+06,9.37556,0
2.09345e+06,9.42054,0
2.10349e+06,9.46572,0
2.11358e+06,9.51112,0
2.12372e+06,9.55673,0
2.1339e+06,9.60255,0
2.14413e+06,9.64859,0
2.15441e+06,9.69484,0
2.16474e+06,9.74131,0
2.17511e+06,9.788,0
2.18554e+06,9.83491,0
2.19601e+06,9.88204,0
2.20653e+06,9.92939,0
2.2171e+06,9.97696,0
2.22772e+06,10.0248,0
2.23839e+06,10.0728,0
2.24912e+06,10.121,0
2.25989e+06,10.1695,0
2.27071e+06,10.2182,0
2.28158e+06,10.2671,0
2.2925e+06,10.3163,0
2.30348e+06,10.3657,0
2.31451e+06,10.4153,0
2.32558e+06,10.4651,0
2.33671e+06,10.5152,0
2.34789e+06,10.5655,0
2.35913e+06,10.6161,0
2.37042e+06,10.6669,0
2.38176e+06,10.7179,0
2.39315e+06,10.7692,0
2.40459e+06,10.8207,0
2.41609e+06,10.8724,0
2.42765e+06,10.9244,0
2.43925e+06,10.9766,0
2.45092e+06,11.0291,0
2.46263e+06,11.0819,0
2.4744e+06,11.1348,0
2.48623e+06,11.188,0
2.49811e+06,11.2415,0
2.51005e+06,11.2952,0
2.52204e+06,11.3492,0
2.53409e+06,11.4034,0
2.5462e+06,11.4579,0
2.55836e+06,11.5126,0
2.57058e+06,11.5676,0
2.58286e+06,11.6229,0
2.59519e+06,11.6784,0
2.60758e+06,11.7341,0
2.62003e+06,11.7901,0
2.63254e+06,11.8464,0
2.6451e+06,11.903,0
2.65773e+06,11.9598,0
2.67041e+06,12.0169,0
2.68315e+06,12.0742,0
2.69596e+06,12.1318,0
2.70882e+06,12.1897,0
2.72174e+06,12.2478,0
2.73472e+06,12.3063,0
2.74777e+06,12.365,0
2.76087e+06,12.4239,0
2.77404e+06,12.4832,0
2.78726e+06,12.5427,0
2.80055e+06,12.6025,0
2.8139e+06,12.6626,0
2.82731e+06,12.7229,0
2.84079e+06,12.7836,0
2.85433e+06,12.8445,0
2.86793e+06,12.9057,0
2.88159e+06,12.9672,0
2.89532e+06,13.029,0
2.90912e+06,13.091,0
2.92297e+06,13.1534,0
2.93689e+06,13.216,0
2.95088e+06,13.279,0
2.96493e+06,13.3422,0
2.97905e+06,13.4057,0
2.99323e+06,13.4695,0
3.00748e+06,13.5337,0
3.0218e+06,13.5981,0
3.03618e+06,13.6628,0
3.05063e+06,13.7278,0
3.06514e+06,13.7931,0
3.07973e+06,13.8588,0
3.09438e+06,13.9247,0
3.1091e+06,13.9909,0
3.12389e+06,14.0575,0
3.13875e+06,14.1244,0
3.15367e+06,14.1915,0
3.16867e+06,14.259,0
3.18373e+06,14.3268,0
3.19887e+06,14.3949,0
3.21408e+06,14.4633,0
3.22935e+06,14.5321,0
3.2447e+06,14.6012,0
3.26012e+06,14.6705,0
3.27561e+06,14.7403,0
3.29118e+06,14.8103,0
3.30681e+06,14.8807,0
3.32252e+06,14.9513,0
3.3383e+06,15.0224,0
3.35416e+06,15.0937,0
3.37009e+06,15.1654,0
3.38609e+06,15.2374,0
3.40217e+06,15.3098,0
3.41832e+06,15.3824,0
3.43455e+06,15.4555,0
3.45085e+06,15.5288,0
3.46723e+06,15.6025,0
3.48368e+06,15.6766,0
3.50021e+06,15.7509,0
3.51682e+06,15.8257,0
3.5335e+06,15.9008,0
3.55026e+06,15.9762,0
3.5671e+06,16.052,0
3.58402e+06,16.1281,0
3.60102e+06,16.2046,0
3.61809e+06,16.2814,0
3.63525e+06,16.3586,0
3.65248e+06,16.4362,0
3.6698e+06,16.5141,0
3.68719e+06,16.5924,0
3.70467e+06,16.671,0
3.72222e+06,16.75,0
3.73986e+06,16.8294,0
3.75758e+06,16.9091,0
3.77538e+06,16.9892,0
3.79327e+06,17.0697,0
3.81123e+06,17.1505,0
3.82928e+06,17.2318,0
3.84742e+06,17.3134,0
3.86564e+06,17.3954,0
3.88394e+06,17.4777,0
3.90233e+06,17.5605,0
3.9208e+06,17.6436,0
3.93936e+06,17.7271,0
3.958e+06,17.811,0
3.97673e+06,17.8953,0
3.99555e+06,17.98,0
4.01445e+06,18.065,0
4.03345e+06,18.1505,0
4.05253e+06,18.2364,0
4.07169e+06,18.3226,0
4.09095e+06,18.4093,0
4.1103e+06,18.4963,0
4.12973e+06,18.5838,0
4.14926e+06,18.6717,0
4.16887e+06,18.7599,0
4.18858e+06,18.8486,0
4.20838e+06,18.9377,0
4.22827e+06,19.0272,0
4.24825e+06,19.1171,0
4.26832e+06,19.2075,0
4.28849e+06,19.2982,0
4.30875e+06,19.3894,0
4.3291e+06,19.481,0
4.34955e+06,19.573,0
4.37009e+06,19.6654,0
4.39073e+06,19.7583,0
4.41146e+06,19.8516,0
4.43229e+06,19.9453,0
4.45322e+06,20.0395,0
4.47424e+06,20.1341,0
4.49536e+06,20.2291,0
4.51657e+06,20.3246,0
4.53789e+06,20.4205,0
4.5593e+06,20.5168,0
4.58081e+06,20.6136,0
4.60242e+06,20.7109,0
4.62413e+06,20.8086,0
4.64594e+06,20.9067,0
4.66785e+06,21.0053,0
4.68986e+06,21.1044,0
4.71198e+06,21.2039,0
4.73419e+06,21.3039,0
4.75651e+06,21.4043,0
4.77893e+06,21.5052,0
4.80146e+06,21.6066,0
4.82409e+06,21.7084,0
4.84682e+06,21.8107,0
4.86966e+06,21.9135,0
4.8926e+06,22.0167,0
4.91565e+06,22.1204,0
4.93881e+06,22.2246,0
4.96207e+06,22.3293,0
4.98544e+06,22.4345,0
5.00892e+06,22.5401,0
5.0325e+06,22.6463,0
5.0562e+06,22.7529,0
5.08e+06,22.86,0
5.10391e+06,22.9676,0
5.12793e+06,23.0757,0
5.15207e+06,23.1843,0
5.17631e+06,23.2934,0
5.20067e+06,23.403,0
5.22514e+06,23.5131,0
5.24972e+06,23.6237,0
5.27441e+06,23.7349,0
5.29922e+06,23.8465,0
5.32414e+06,23.9586,0
5.34918e+06,24.0713,0
5.37433e+06,24.1845,0
5.3996e+06,24.2982,0
5.42498e+06,24.4124,0
5.45049e+06,24.5272,0
5.4761e+06,24.6425,0
5.50184e+06,24.7583,0
5.52769e+06,24.8746,0
5.55367e+06,24.9915,0
5.57976e+06,25.1089,0
5.60597e+06,25.2269,0
5.63231e+06,25.3454,0
5.65876e+06,25.4644,0
5.68534e+06,25.584,0
5.71203e+06,25.7042,0
5.73885e+06,25.8248,0
5.7658e+06,25.9461,0
5.79287e+06,26.0679,0
5.82006e+06,26.1903,0
5.84737e+06,26.3132,0
5.87482e+06,26.4367,0
5.90239e+06,26.5607,0
5.93008e+06,26.6854,0
5.9579e+06,26.8106,0
5.98585e+06,26.9363,0
6.01393e+06,27.0627,0
6.04214e+06,27.1896,0
6.07047e+06,27.3171,0
6.09894e+06,27.4452,0
6.12754e+06,27.5739,0
6.15627e+06,27.7032,0
6.18513e+06,27.8331,0
6.21412e+06,27.9635,0
6.24325e+06,28.0946,0
6.2725e+06,28.2263,0
6.3019e+06,28.3585,0
6.33143e+06,28.4914,0
6.36109e+06,28.6249,0
6.39089e+06,28.759,0
6.42082e+06,28.8937,0
6.4509e+06,29.029,0
6.48111e+06,29.165,0
6.51146e+06,29.3016,0
6.54195e+06,29.4388,0
6.57258e+06,29.5766,0
6.60334e+06,29.715,0
6.63425e+06,29.8541,0
6.66531e+06,29.9939,0
6.6965e+06,30.1342,0
6.72783e+06,30.2753,0
6.75931e+06,30.4169,0
6.79094e+06,30.5592,0
6.82271e+06,30.7022,0
6.85462e+06,30.8458,0
6.88668e+06,30.9901,0
6.91889e+06,31.135,0
6.95124e+06,31.2806,0
6.98374e+06,31.4268,0
7.01639e+06,31.5738,0
7.04919e+06,31.7214,0
7.08215e+06,31.8697,0
7.11525e+06,32.0186,0
7.1485e+06,32.1682,0
7.1819e+06,32.3186,0
7.21546e+06,32.4696,0
7.24917e+06,32.6213,0
7.28304e+06,32.7737,0
7.31705e+06,32.9267,0
7.35123e+06,33.0805,0
7.38556e+06,33.235,0
7.42005e+06,33.3902,0
7.45469e+06,33.5461,0
7.4895e+06,33.7027,0
7.52446e+06,33.8601,0
7.55958e+06,34.0181,0
7.59487e+06,34.1769,0
7.63031e+06,34.3364,0
7.66592e+06,34.4966,0
7.70168e+06,34.6576,0
7.73762e+06,34.8193,0
7.77371e+06,34.9817,0
7.80997e+06,35.1449,0
7.8464e+06,35.3088,0
7.88299e+06,35.4735,0
7.91975e+06,35.6389,0
7.95668e+06,35.805,0
7.99377e+06,35.972,0
8.03104e+06,36.1397,0
8.06847e+06,36.3081,0
8.10608e+06,36.4773,0
8.14385e+06,36.6473,0
8.1818e+06,36.8181,0
8.21992e+06,36.9897,0
8.25822e+06,37.162,0
8.29669e+06,37.3351,0
8.33534e+06,37.509,0
8.37416e+06,37.6837,0
8.41316e+06,37.8592,0
8.45233e+06,38.0355,0
8.49169e+06,38.2126,0
8.53122e+06,38.3905,0
8.57094e+06,38.5692,0
8.61083e+06,38.7487,0
8.65091e+06,38.9291,0
8.69117e+06,39.1103,0
8.73161e+06,39.2922,0
8.77224e+06,39.4751,0
8.81305e+06,39.6587,0
8.85405e+06,39.8432,0
8.89523e+06,40.0285,0
8.9366e+06,40.2147,0
8.97816e+06,40.4017,0
9.01991e+06,40.5896,0
9.06185e+06,40.7783,0
9.10398e+06,40.9679,0
9.1463e+06,41.1583,0
9.18881e+06,41.3497,0
9.23152e+06,41.5418,0
9.27442e+06,41.7349,0
9.31752e+06,41.9288,0
9.36081e+06,42.1236,0
9.4043e+06,42.3193,0
9.44798e+06,42.5159,0
9.49187e+06,42.7134,0
9.53595e+06,42.9118,0
9.58024e+06,43.1111,0
9.62472e+06,43.3113,0
9.66941e+06,43.5124,0
9.7143e+06,43.7144,0
9.7594e+06,43.9173,0
9.8047e+06,44.1211,0
9.8502e+06,44.3259,0
9.89592e+06,44.5316,0
9.94183e+06,44.7383,0
9.98796e+06,44.9458,0
1.00343e+07,45.1544,0
1.00808e+07,45.3638,0
1.01276e+07,45.5742,0
1.01746e+07,45.7856,0
1.02218e+07,45.9979,0
1.02692e+07,46.2112,0
1.03168e+07,46.4255,0
1.03646e+07,46.6407,0
1.04126e+07,46.8569,0
1.04609e+07,47.0741,0
1.05094e+07,47.2923,0
1.05581e+07,47.5114,0
1.0607e+07,47.7316,0
1.06562e+07,47.9528,0
1.07055e+07,48.1749,0
1.07551e+07,48.3981,0
1.08049e+07,48.6223,0
1.0855e+07,48.8474,0
1.09053e+07,49.0737,0
1.09558e+07,49.3009,0
1.10065e+07,49.5292,0
1.10574e+07,49.7585,0
1.11086e+07,49.9888,0
1.116e+07,50.2202,0
1.12117e+07,50.4526,0
1.12636e+07,50.6861,0
1.13157e+07,50.9206,0
1.1368e+07,51.1562,0
1.14206e+07,51.3929,0
1.14735e+07,51.6306,0
1.15265e+07,51.8694,0
1.15798e+07,52.1093,0
1.16334e+07,52.3503,0
1.16872e+07,52.5924,0
1.17412e+07,52.8355,0
1.17955e+07,53.0798,0
1.185e+07,53.3252,0
1.19048e+07,53.5716,0
1.19598e+07,53.8192,0
1.20151e+07,54.0679,0
1.20706e+07,54.3178,0
1.21264e+07,54.5687,0
1.21824e+07,54.8208,0
1.22387e+07,55.0741,0
1.22952e+07,55.3285,0
1.2352e+07,55.584,0
1.2409e+07,55.8407,0
1.24663e+07,56.0985,0
1.25239e+07,56.3575,0
1.25817e+07,56.6177,0
1.26398e+07,56.8791,0
1.26981e+07,57.1416,0
1.27567e+07,57.4053,0
1.28156e+07,57.6702,0
1.28747e+07,57.9363,0
1.29341e+07,58.2036,0
1.29938e+07,58.4722,0
1.30538e+07,58.7419,0
1.3114e+07,59.0128,0
1.31744e+07,59.285,0
1.32352e+07,59.5584,0
1.32962e+07,59.833,0
1.33575e+07,60.1089,0
1.34191e+07,60.386,0
1.3481e+07,60.6643,0
1.35431e+07,60.944,0
1.36055e+07,61.2248,0
1.36682e+07,61.507,0
1.37312e+07,61.7904,0
1.37945e+07,62.0751,0
1.3858e+07,62.361,0
1.39218e+07,62.6483,0
1.3986e+07,62.9369,0
1.40504e+07,63.2267,0
1.41151e+07,63.5179,0
1.41801e+07,63.8104,0
1.42454e+07,64.1041,0
1.43109e+07,64.3993,0
1.43768e+07,64.6957,0
1.4443e+07,64.9935,0
1.45095e+07,65.2926,0
1.45762e+07,65.5931,0
1.46433e+07,65.8949,0
1.47107e+07,66.1981,0
1.47784e+07,66.5026,0
1.48463e+07,66.8085,0
1.49146e+07,67.1158,0
1.49832e+07,67.4245,0
1.50521e+07,67.7345,0
1.51213e+07,68.046,0
1.51908e+07,68.3588,0
1.52607e+07,68.6731,0
1.53308e+07,68.9888,0
1.54013e+07,69.3058,0
1.54721e+07,69.6244,0
1.55432e+07,69.9443,0
1.56146e+07,70.2657,0
1.56863e+07,70.5885,0
1.57584e+07,70.9128,0
1.58308e+07,71.2385,0
1.59035e+07,71.5658,0
1.59765e+07,71.8944,0
1.60499e+07,72.2246,0
1.61236e+07,72.5562,0
1.61976e+07,72.8893,0
1.6272e+07,73.2239,0
1.63467e+07,73.5601,0
1.64217e+07,73.8977,0
1.64971e+07,74.2368,0
1.65728e+07,74.5775,0
1.66488e+07,74.9197,0
1.67252e+07,75.2634,0
1.68019e+07,75.6087,0
1.6879e+07,75.9555,0
1.69564e+07,76.3039,0
1.70342e+07,76.6538,0
1.71123e+07,77.0054,0
1.71908e+07,77.3584,0
1.72696e+07,77.7131,0
1.73488e+07,78.0694,0
1.74283e+07,78.4272,0
1.75082e+07,78.7867,0
1.75884e+07,79.1478,0
1.7669e+07,79.5105,0
1.775e+07,79.8748,0
1.78313e+07,80.2407,0
1.7913e+07,80.6083,0
1.7995e+07,80.9776,0
1.80774e+07,81.3485,0
1.81602e+07,81.721,0
1.82434e+07,82.0952,0
1.83269e+07,82.4711,0
1.84108e+07,82.8487,0
1.84951e+07,83.228,0
1.85798e+07,83.609,0
1.86648e+07,83.9916,0
1.87502e+07,84.376,0
1.8836e+07,84.7621,0
1.89222e+07,85.15,0
1.90088e+07,85.5395,0
1.90957e+07,85.9309,0
1.91831e+07,86.3239,0
1.92708e+07,86.7188,0
1.9359e+07,87.1153,0
1.94475e+07,87.5137,0
1.95364e+07,87.9139,0
1.96257e+07,88.3158,0
1.97154e+07,88.7195,0
1.98056e+07,89.1251,0
1.98961e+07,89.5324,0
1.9987e+07,89.9416,0
2.00784e+07,90.3526,0
2.01701e+07,90.7654,0
2.02622e+07,91.1801,0
2.03548e+07,91.5966,0
2.04478e+07,92.015,0
2.05412e+07,92.4353,0
2.0635e+07,92.8574,0
2.07292e+07,93.2815,0
2.08239e+07,93.7074,0
2.09189e+07,94.1352,0
2.10144e+07,94.5649,0
2.11104e+07,94.9966,0
2.12067e+07,95.4302,0
2.13035e+07,95.8657,0
2.14007e+07,96.3031,0
2.14983e+07,96.7426,0
2.15964e+07,97.1839,0
2.16949e+07,97.6273,0
2.17939e+07,98.0726,0
2.18933e+07,98.5199,0
2.19932e+07,98.9692,0
2.20934e+07,99.4205,0
2.21942e+07,99.8738,0
2.22954e+07,100.329,0
2.2397e+07,100.787,0
2.24991e+07,101.246,0
2.26016e+07,101.707,0
2.27046e+07,102.171,0
2.28081e+07,102.636,0
2.2912e+07,103.104,0
2.30164e+07,103.574,0
2.31213e+07,104.046,0
2.32266e+07,104.52,0
2.33324e+07,104.996,0
2.34386e+07,105.474,0
2.35454e+07,105.954,0
2.36526e+07,106.437,0
2.37602e+07,106.921,0
2.38684e+07,107.408,0
2.3977e+07,107.897,0
2.40862e+07,108.388,0
2.41958e+07,108.881,0
2.43059e+07,109.377,0
2.44165e+07,109.874,0
2.45276e+07,110.374,0
2.46391e+07,110.876,0
2.47512e+07,111.38,0
2.48638e+07,111.887,0
2.49769e+07,112.396,0
2.50904e+07,112.907,0
2.52045e+07,113.42,0
2.53191e+07,113.936,0
2.54342e+07,114.454,0
2.55498e+07,114.974,0
2.56659e+07,115.497,0
2.57826e+07,116.022,0
2.58997e+07,116.549,0
2.60174e+07,117.078,0
2.61356e+07,117.61,0
2.62543e+07,118.145,0
2.63736e+07,118.681,0
2.64934e+07,119.22,0
2.66137e+07,119.762,0
2.67345e+07,120.305,0
2.68559e+07,120.852,0
2.69779e+07,121.4,0
2.71003e+07,121.951,0
2.72233e+07,122.505,0
2.73469e+07,123.061,0
2.7471e+07,123.619,0
2.75956e+07,124.18,0
2.77209e+07,124.744,0
2.78466e+07,125.31,0
2.79729e+07,125.878,0
2.80998e+07,126.449,0
2.82273e+07,127.023,0
2.83553e+07,127.599,0
2.84839e+07,128.177,0
2.8613e+07,128.758,0
2.87427e+07,129.342,0
2.8873e+07,129.929,0
2.90039e+07,130.517,0
2.91353e+07,131.109,0
2.92674e+07,131.703,0
2.94e+07,132.3,0
2.95332e+07,132.899,0
2.9667e+07,133.501,0
2.98014e+07,134.106,0
2.99364e+07,134.714,0
3.0072e+07,135.324,0
3.02081e+07,135.937,0
3.03449e+07,136.552,0
3.04823e+07,137.17,0
3.06203e+07,137.791,0
3.07589e+07,138.415,0
3.08982e+07,139.042,0
3.1038e+07,139.671,0
3.11785e+07,140.303,0
3.13195e+07,140.938,0
3.14612e+07,141.576,0
3.16036e+07,142.216,0
3.17465e+07,142.859,0
3.18901e+07,143.506,0
3.20344e+07,144.155,0
3.21792e+07,144.807,0
3.23247e+07,145.461,0
3.24709e+07,146.119,0
3.26177e+07,146.78,0
3.27651e+07,147.443,0
3.29132e+07,148.11,0
3.3062e+07,148.779,0
3.32114e+07,149.451,0
3.33615e+07,150.127,0
3.35122e+07,150.805,0
3.36636e+07,151.486,0
3.38157e+07,152.171,0
3.39684e+07,152.858,0
3.41218e+07,153.548,0
3.42759e+07,154.242,0
3.44307e+07,154.938,0
3.45861e+07,155.638,0
3.47423e+07,156.34,0
3.48991e+07,157.046,0
3.50566e+07,157.755,0
3.52149e+07,158.467,0
3.53738e+07,159.182,0
3.55334e+07,159.9,0
3.56937e+07,160.622,0
3.58547e+07,161.346,0
3.60165e+07,162.074,0
3.61789e+07,162.805,0
3.63421e+07,163.539,0
3.6506e+07,164.277,0
3.66706e+07,165.018,0
3.68359e+07,165.762,0
3.7002e+07,166.509,0
3.71688e+07,167.26,0
3.73363e+07,168.013,0
3.75046e+07,168.771,0
3.76736e+07,169.531,0
3.78434e+07,170.295,0
3.80139e+07,171.062,0
3.81851e+07,171.833,0
3.83571e+07,172.607,0
3.85299e+07,173.385,0
3.87034e+07,174.165,0
3.88777e+07,174.95,0
3.90528e+07,175.737,0
3.92286e+07,176.529,0
3.94052e+07,177.323,0
3.95826e+07,178.122,0
3.97607e+07,178.923,0
3.99397e+07,179.729,0
4.01194e+07,180.537,0
4.02999e+07,181.35,0
4.04813e+07,182.166,0
4.06634e+07,182.985,0
4.08463e+07,183.808,0
4.103e+07,184.635,0
4.12145e+07,185.465,0
4.13999e+07,186.299,0
4.1586e+07,187.137,0
4.1773e+07,187.979,0
4.19608e+07,188.824,0
4.21494e+07,189.672,0
4.23389e+07,190.525,0
4.25292e+07,191.381,0
4.27203e+07,192.241,0
4.29122e+07,193.105,0
4.3105e+07,193.973,0
4.32987e+07,194.844,0
4.34932e+07,195.719,0
4.36885e+07,196.598,0
4.38847e+07,197.481,0
4.40818e+07,198.368,0
4.42797e+07,199.259,0
4.44785e+07,200.153,0
4.46782e+07,201.052,0
4.48788e+07,201.954,0
4.50802e+07,202.861,0
4.52825e+07,203.771,0
4.54857e+07,204.686,0
4.56898e+07,205.604,0
4.58948e+07,206.527,0
4.61007e+07,207.453,0
4.63075e+07,208.384,0
4.65152e+07,209.318,0
4.67238e+07,210.257,0
4.69333e+07,211.2,0
4.71438e+07,212.147,0
4.73551e+07,213.098,0
4.75674e+07,214.053,0
4.77807e+07,215.013,0
4.79948e+07,215.977,0
4.82099e+07,216.945,0
4.8426e+07,217.917,0
4.86429e+07,218.893,0
4.88609e+07,219.874,0
4.90798e+07,220.859,0
4.92996e+07,221.848,0
4.95204e+07,222.842,0
4.97422e+07,223.84,0
4.99649e+07,224.842,0
5.01887e+07,225.849,0
5.04134e+07,226.86,0
5.06391e+07,227.876,0
5.08657e+07,228.896,0
5.10934e+07,229.92,0
5.13221e+07,230.949,0
5.15517e+07,231.983,0
5.17824e+07,233.021,0
5.20141e+07,234.063,0
5.22467e+07,235.11,0
5.24805e+07,236.162,0
5.27152e+07,237.218,0
5.29509e+07,238.279,0
5.31877e+07,239.345,0
5.34255e+07,240.415,0
5.36644e+07,241.49,0
5.39043e+07,242.569,0
5.41453e+07,243.654,0
5.43873e+07,244.743,0
5.46303e+07,245.836,0
5.48744e+07,246.935,0
5.51196e+07,248.038,0
5.53659e+07,249.147,0
5.56132e+07,250.26,0
5.58616e+07,251.377,0
5.61111e+07,252.5,0
5.63617e+07,253.628,0
5.66134e+07,254.76,0
5.68662e+07,255.898,0
5.71201e+07,257.04,0
5.73751e+07,258.188,0
5.76312e+07,259.34,0
5.78884e+07,260.498,0
5.81468e+07,261.66,0
5.84062e+07,262.828,0
5.86668e+07,264.001,0
5.89286e+07,265.179,0
5.91915e+07,266.362,0
5.94555e+07,267.55,0
5.97207e+07,268.743,0
5.9987e+07,269.941,0
6.02545e+07,271.145,0
6.05232e+07,272.354,0
6.0793e+07,273.568,0
6.1064e+07,274.788,0
6.13362e+07,276.013,0
6.16096e+07,277.243,0
6.18841e+07,278.479,0
6.21599e+07,279.72,0
6.24369e+07,280.966,0
6.2715e+07,282.218,0
6.29944e+07,283.475,0
6.3275e+07,284.738,0
6.35568e+07,286.006,0
6.38399e+07,287.279,0
6.41242e+07,288.559,0
6.44097e+07,289.844,0
6.46964e+07,291.134,0
6.49844e+07,292.43,0
6.52737e+07,293.732,0
6.55642e+07,295.039,0
6.5856e+07,296.352,0
6.6149e+07,297.671,0
6.64434e+07,298.995,0
6.6739e+07,300.325,0
6.70359e+07,301.661,0
6.7334e+07,303.003,0
6.76335e+07,304.351,0
6.79343e+07,305.704,0
6.82364e+07,307.064,0
6.85398e+07,308.429,0
6.88445e+07,309.8,0
6.91505e+07,311.177,0
6.94579e+07,312.561,0
6.97666e+07,313.95,0
7.00767e+07,315.345,0
7.03881e+07,316.746,0
7.07008e+07,318.154,0
7.10149e+07,319.567,0
7.13304e+07,320.987,0
7.16472e+07,322.413,0
7.19654e+07,323.844,0
7.2285e+07,325.283,0
7.2606e+07,326.727,0
7.29284e+07,328.178,0
7.32522e+07,329.635,0
7.35773e+07,331.098,0
7.39039e+07,332.568,0
7.42319e+07,334.044,0
7.45614e+07,335.526,0
7.48922e+07,337.015,0
7.52245e+07,338.51,0
7.55583e+07,340.012,0
7.58934e+07,341.52,0
7.62301e+07,343.035,0
7.65682e+07,344.557,0
7.69077e+07,346.085,0
7.72488e+07,347.619,0
7.75913e+07,349.161,0
7.79353e+07,350.709,0
7.82807e+07,352.263,0
7.86277e+07,353.825,0
7.89762e+07,355.393,0
7.93262e+07,356.968,0
7.96777e+07,358.55,0
8.00307e+07,360.138,0
8.03853e+07,361.734,0
8.07414e+07,363.336,0
8.1099e+07,364.946,0
8.14582e+07,366.562,0
8.1819e+07,368.185,0
8.21813e+07,369.816,0
8.25451e+07,371.453,0
8.29106e+07,373.098,0
8.32776e+07,374.749,0
8.36462e+07,376.408,0
8.40164e+07,378.074,0
8.43882e+07,379.747,0
8.47616e+07,381.427,0
8.51367e+07,383.115,0
8.55133e+07,384.81,0
8.58916e+07,386.512,0
8.62715e+07,388.222,0
8.66531e+07,389.939,0
8.70363e+07,391.663,0
8.74211e+07,393.395,0
8.78077e+07,395.134,0
8.81958e+07,396.881,0
8.85857e+07,398.636,0
8.89773e+07,400.398,0
8.93705e+07,402.167,0
8.97655e+07,403.945,0
9.01621e+07,405.73,0
9.05605e+07,407.522,0
9.09606e+07,409.323,0
9.13624e+07,411.131,0
9.17659e+07,412.947,0
9.21712e+07,414.77,0
9.25783e+07,416.602,0
9.29871e+07,418.442,0
9.33976e+07,420.289,0
9.38099e+07,422.145,0
9.4224e+07,424.008,0
9.46399e+07,425.88,0
9.50576e+07,427.759,0
9.54771e+07,429.647,0
9.58984e+07,431.543,0
9.63215e+07,433.447,0
9.67465e+07,435.359,0
9.71732e+07,437.28,0
9.76019e+07,439.208,0
9.80323e+07,441.145,0
9.84646e+07,443.091,0
9.88988e+07,445.045,0
9.93349e+07,447.007,0
9.97728e+07,448.978,0
1.00213e+08,450.957,0
1.00654e+08,452.944,0
1.01098e+08,454.941,0
1.01543e+08,456.945,0
1.01991e+08,458.959,0
1.0244e+08,460.981,0
1.02892e+08,463.012,0
1.03345e+08,465.051,0
1.038e+08,467.1,0
1.04257e+08,469.157,0
1.04716e+08,471.223,0
1.05177e+08,473.298,0
1.0564e+08,475.382,0
1.06105e+08,477.475,0
1.06573e+08,479.577,0
1.07042e+08,481.687,0
1.07513e+08,483.807,0
1.07986e+08,485.936,0
1.08461e+08,488.075,0
1.08938e+08,490.222,0
1.09417e+08,492.379,0
1.09899e+08,494.545,0
1.10382e+08,496.72,0
1.10868e+08,498.904,0
1.11355e+08,501.098,0
1.11845e+08,503.302,0
1.12337e+08,505.515,0
1.1283e+08,507.737,0
1.13326e+08,509.969,0
1.13825e+08,512.21,0
1.14325e+08,514.461,0
1.14827e+08,516.722,0
1.15332e+08,518.993,0
1.15838e+08,521.273,0
1.16347e+08,523.563,0
1.16858e+08,525.863,0
1.17372e+08,528.173,0
1.17887e+08,530.492,0
1.18405e+08,532.822,0
1.18925e+08,535.161,0
1.19447e+08,537.511,0
1.19971e+08,539.871,0
1.20498e+08,542.241,0
1.21027e+08,544.621,0
1.21558e+08,547.011,0
1.22091e+08,549.411,0
1.22627e+08,551.822,0
1.23165e+08,554.243,0
1.23705e+08,556.675,0
1.24248e+08,559.116,0
1.24793e+08,561.569,0
1.2534e+08,564.032,0
1.2589e+08,566.505,0
1.26442e+08,568.989,0
1.26996e+08,571.484,0
1.27553e+08,573.989,0
1.28112e+08,576.505,0
1.28674e+08,579.032,0
1.29238e+08,581.57,0
1.29804e+08,584.118,0
1.30373e+08,586.678,0
1.30944e+08,589.248,0
1.31518e+08,591.829,0
1.32094e+08,594.422,0
1.32672e+08,597.025,0
1.33253e+08,599.64,0
1.33837e+08,602.266,0
1.34423e+08,604.903,0
1.35011e+08,607.551,0
1.35602e+08,610.211,0
1.36196e+08,612.882,0
1.36792e+08,615.565,0
1.37391e+08,618.259,0
1.37992e+08,620.964,0
1.38596e+08,623.681,0
1.39202e+08,626.41,0
1.39811e+08,629.15,0
1.40423e+08,631.902,0
1.41037e+08,634.666,0
1.41654e+08,637.442,0
1.42273e+08,640.229,0
1.42895e+08,643.029,0
1.4352e+08,645.84,0
1.44147e+08,648.664,0
1.44778e+08,651.499,0
1.4541e+08,654.346,0
1.46046e+08,657.206,0
1.46684e+08,660.078,0
1.47325e+08,662.962,0
1.47969e+08,665.859,0
1.48615e+08,668.768,0
1.49264e+08,671.689,0
1.49916e+08,674.623,0
1.50571e+08,677.569,0
1.51228e+08,680.528,0
1.51889e+08,683.499,0
1.52552e+08,686.483,0
1.53218e+08,689.48,0
1.53887e+08,692.49,0
1.54558e+08,695.512,0
1.55233e+08,698.547,0
1.5591e+08,701.596,0
1.5659e+08,704.657,0
1.57274e+08,707.731,0
1.5796e+08,710.819,0
1.58649e+08,713.919,0
1.59341e+08,717.033,0
1.60036e+08,720.16,0
1.60733e+08,723.301,0
1.61434e+08,726.454,0
1.62138e+08,729.622,0
1.62845e+08,732.802,0
1.63555e+08,735.997,0
1.64268e+08,739.204,0
1.64984e+08,742.426,0
1.65702e+08,745.661,0
1.66424e+08,748.91,0
1.6715e+08,752.173,0
1.67878e+08,755.45,0
1.68609e+08,758.74,0
1.69343e+08,762.045,0
1.70081e+08,765.364,0
1.70821e+08,768.696,0
1.71565e+08,772.044,0
1.72312e+08,775.405,0
1.73062e+08,778.78,0
1.73816e+08,782.17,0
1.74572e+08,785.575,0
1.75332e+08,788.993,0
1.76095e+08,792.427,0
1.76861e+08,795.875,0
1.7763e+08,799.337,0
1.78403e+08,802.814,0
1.79179e+08,806.306,0
1.79959e+08,809.813,0
1.80741e+08,813.335,0
1.81527e+08,816.872,0
1.82316e+08,820.424,0
1.83109e+08,823.991,0
1.83905e+08,827.573,0
1.84704e+08,831.17,0
1.85507e+08,834.782,0
1.86313e+08,838.41,0
1.87123e+08,842.053,0
1.87936e+08,845.712,0
1.88753e+08,849.386,0
1.89572e+08,853.076,0
1.90396e+08,856.782,0
1.91223e+08,860.503,0
1.92053e+08,864.24,0
1.92887e+08,867.993,0
1.93725e+08,871.762,0
1.94566e+08,875.546,0
1.9541e+08,879.347,0
1.96259e+08,883.164,0
1.9711e+08,886.997,0
1.97966e+08,890.846,0
1.98825e+08,894.712,0
1.99688e+08,898.594,0
2.00554e+08,902.493,0
2.01424e+08,906.408,0
2.02298e+08,910.339,0
2.03175e+08,914.288,0
2.04056e+08,918.253,0
2.04941e+08,922.234,0
2.0583e+08,926.233,0
2.06722e+08,930.249,0
2.07618e+08,934.281,0
2.08518e+08,938.331,0
2.09422e+08,942.398,0
2.10329e+08,946.482,0
2.11241e+08,950.583,0
2.12156e+08,954.702,0
2.13075e+08,958.838,0
2.13998e+08,962.992,0
2.14925e+08,967.163,0
2.15856e+08,971.352,0
2.16791e+08,975.558,0
2.17729e+08,979.783,0
2.18672e+08,984.025,0
2.19619e+08,988.285,0
2.2057e+08,992.563,0
2.21524e+08,996.86,0
2.22483e+08,1001.17,0
2.23446e+08,1005.51,0
2.24413e+08,1009.86,0
2.25384e+08,1014.23,0
2.26359e+08,1018.61,0
2.27338e+08,1023.02,0
2.28321e+08,1027.45,0
2.29309e+08,1031.89,0
2.30301e+08,1036.35,0
2.31296e+08,1040.83,0
2.32296e+08,1045.33,0
2.33301e+08,1049.85,0
2.34309e+08,1054.39,0
2.35322e+08,1058.95,0
2.36339e+08,1063.53,0
2.3736e+08,1068.12,0
2.38386e+08,1072.74,0
2.39416e+08,1077.37,0
2.4045e+08,1082.03,0
2.41489e+08,1086.7,0
2.42532e+08,1091.39,0
2.4358e+08,1096.11,0
2.44632e+08,1100.84,0
2.45688e+08,1105.6,0
2.46749e+08,1110.37,0
2.47814e+08,1115.16,0
2.48884e+08,1119.98,0
2.49958e+08,1124.81,0
2.51037e+08,1129.67,0
2.5212e+08,1134.54,0
2.53208e+08,1139.44,0
2.54301e+08,1144.35,0
2.55398e+08,1149.29,0
2.56499e+08,1154.25,0
2.57606e+08,1159.23,0
2.58717e+08,1164.23,0
2.59832e+08,1169.25,0
2.60953e+08,1174.29,0
2.62078e+08,1179.35,0
2.63208e+08,1184.44,0
2.64342e+08,1189.54,0
2.65482e+08,1194.67,0
2.66626e+08,1199.82,0
2.67775e+08,1204.99,0
2.68929e+08,1210.18,0
2.70088e+08,1215.39,0
2.71251e+08,1220.63,0
2.7242e+08,1225.89,0
2.73593e+08,1231.17,0
2.74771e+08,1236.47,0
2.75955e+08,1241.8,0
2.77143e+08,1247.14,0
2.78336e+08,1252.51,0
2.79534e+08,1257.9,0
2.80738e+08,1263.32,0
2.81946e+08,1268.76,0
2.83159e+08,1274.22,0
2.84378e+08,1279.7,0
2.85602e+08,1285.21,0
2.86831e+08,1290.74,0
2.88064e+08,1296.29,0
2.89304e+08,1301.87,0
2.90548e+08,1307.47,0
2.91798e+08,1313.09,0
2.93052e+08,1318.74,0
2.94313e+08,1324.41,0
2.95578e+08,1330.1,0
2.96849e+08,1335.82,0
2.98125e+08,1341.56,0
2.99406e+08,1347.33,0
3.00693e+08,1353.12,0
3.01985e+08,1358.93,0
3.03283e+08,1364.77,0
3.04586e+08,1370.64,0
3.05894e+08,1376.52,0
3.07208e+08,1382.44,0
3.08528e+08,1388.37,0
3.09853e+08,1394.34,0
3.11183e+08,1400.33,0
3.1252e+08,1406.34,0
3.13861e+08,1412.38,0
3.15209e+08,1418.44,0
3.16562e+08,1424.53,0
3.17921e+08,1430.64,0
3.19285e+08,1436.78,0
3.20655e+08,1442.95,0
3.22031e+08,1449.14,0
3.23413e+08,1455.36,0
3.248e+08,1461.6,0
3.26194e+08,1467.87,0
3.27593e+08,1474.17,0
3.28998e+08,1480.49,0
3.30408e+08,1486.84,0
3.31825e+08,1493.21,0
3.33248e+08,1499.62,0
3.34676e+08,1506.04,0
3.36111e+08,1512.5,0
3.37552e+08,1518.98,0
3.38998e+08,1525.49,0
3.40451e+08,1532.03,0
3.4191e+08,1538.59,0
3.43375e+08,1545.19,0
3.44846e+08,1551.81,0
3.46323e+08,1558.45,0
3.47806e+08,1565.13,0
3.49296e+08,1571.83,0
3.50792e+08,1578.56,0
3.52294e+08,1585.32,0
3.53802e+08,1592.11,0
3.55317e+08,1598.93,0
3.56838e+08,1605.77,0
3.58365e+08,1612.64,0
3.59899e+08,1619.54,0
3.61439e+08,1626.47,0
3.62985e+08,1633.43,0
3.64538e+08,1640.42,0
3.66098e+08,1647.44,0
3.67664e+08,1654.49,0
3.69236e+08,1661.56,0
3.70816e+08,1668.67,0
3.72401e+08,1675.81,0
3.73994e+08,1682.97,0
3.75593e+08,1690.17,0
3.77198e+08,1697.39,0
3.78811e+08,1704.65,0
3.8043e+08,1711.93,0
3.82056e+08,1719.25,0
3.83688e+08,1726.6,0
3.85328e+08,1733.97,0
3.86974e+08,1741.38,0
3.88627e+08,1748.82,0
3.90287e+08,1756.29,0
3.91954e+08,1763.79,0
3.93628e+08,1771.33,0
3.95309e+08,1778.89,0
3.96997e+08,1786.49,0
3.98692e+08,1794.11,0
4.00394e+08,1801.77,0
4.02103e+08,1809.46,0
4.03819e+08,1817.19,0
4.05543e+08,1824.94,0
4.07273e+08,1832.73,0
4.09011e+08,1840.55,0
4.10756e+08,1848.4,0
4.12508e+08,1856.29,0
4.14268e+08,1864.21,0
4.16035e+08,1872.16,0
4.17809e+08,1880.14,0
4.19591e+08,1888.16,0
4.2138e+08,1896.21,0
4.23176e+08,1904.29,0
4.2498e+08,1912.41,0
4.26792e+08,1920.56,0
4.28611e+08,1928.75,0
4.30438e+08,1936.97,0
4.32272e+08,1945.22,0
4.34114e+08,1953.51,0
4.35963e+08,1961.84,0
4.37821e+08,1970.19,0
4.39686e+08,1978.58,0
4.41558e+08,1987.01,0
4.43439e+08,1995.47,0
4.45327e+08,2003.97,0
4.47223e+08,2012.5,0
4.49127e+08,2021.07,0
4.51039e+08,2029.68,0
4.52959e+08,2038.32,0
4.54887e+08,2046.99,0
4.56823e+08,2055.7,0
4.58767e+08,2064.45,0
4.60719e+08,2073.23,0
4.62679e+08,2082.06,0
4.64647e+08,2090.91,0
4.66624e+08,2099.81,0
4.68608e+08,2108.74,0
4.70601e+08,2117.71,0
4.72602e+08,2126.71,0
4.74612e+08,2135.75,0
4.7663e+08,2144.83,0
4.78656e+08,2153.95,0
4.80691e+08,2163.11,0
4.82734e+08,2172.3,0
4.84785e+08,2181.53,0
4.86845e+08,2190.8,0
4.88914e+08,2200.11,0
4.90991e+08,2209.46,0
4.93077e+08,2218.84,0
4.95171e+08,2228.27,0
4.97274e+08,2237.73,0
4.99386e+08,2247.24,0
5.01507e+08,2256.78,0
5.03636e+08,2266.36,0
5.05774e+08,2275.98,0
5.07921e+08,2285.65,0
5.10077e+08,2295.35,0
5.12242e+08,2305.09,0
5.14416e+08,2314.87,0
5.16599e+08,2324.7,0
5.18791e+08,2334.56,0
5.20992e+08,2344.46,0
5.23202e+08,2354.41,0
5.25421e+08,2364.4,0
5.2765e+08,2374.42,0
5.29888e+08,2384.49,0
5.32134e+08,2394.61,0
5.34391e+08,2404.76,0
5.36656e+08,2414.95,0
5.38931e+08,2425.19,0
5.41216e+08,2435.47,0
5.4351e+08,2445.79,0
5.45813e+08,2456.16,0
5.48126e+08,2466.57,0
5.50448e+08,2477.02,0
5.5278e+08,2487.51,0
5.55122e+08,2498.05,0
5.57473e+08,2508.63,0
5.59834e+08,2519.25,0
5.62205e+08,2529.92,0
5.64586e+08,2540.64,0
5.66976e+08,2551.39,0
5.69377e+08,2562.2,0
5.71787e+08,2573.04,0
5.74207e+08,2583.93,0
5.76638e+08,2594.87,0
5.79078e+08,2605.85,0
5.81528e+08,2616.88,0
5.83989e+08,2627.95,0
5.8646e+08,2639.07,0
5.8894e+08,2650.23,0
5.91432e+08,2661.44,0
5.93933e+08,2672.7,0
5.96445e+08,2684,0
5.98967e+08,2695.35,0
6.01499e+08,2706.75,0
6.04042e+08,2718.19,0
6.06596e+08,2729.68,0
6.0916e+08,2741.22,0
6.11734e+08,2752.8,0
6.1432e+08,2764.44,0
6.16915e+08,2776.12,0
6.19522e+08,2787.85,0
6.22139e+08,2799.63,0
6.24768e+08,2811.45,0
6.27406e+08,2823.33,0
6.30056e+08,2835.25,0
6.32717e+08,2847.23,0
6.35389e+08,2859.25,0
6.38072e+08,2871.32,0
6.40765e+08,2883.44,0
6.4347e+08,2895.62,0
6.46186e+08,2907.84,0
6.48914e+08,2920.11,0
6.51652e+08,2932.43,0
6.54402e+08,2944.81,0
6.57163e+08,2957.23,0
6.59935e+08,2969.71,0
6.62719e+08,2982.24,0
6.65515e+08,2994.82,0
6.68321e+08,3007.45,0
6.7114e+08,3020.13,0
6.7397e+08,3032.86,0
6.76812e+08,3045.65,0
6.79665e+08,3058.49,0
6.8253e+08,3071.39,0
6.85407e+08,3084.33,0
6.88296e+08,3097.33,0
6.91196e+08,3110.38,0
6.94109e+08,3123.49,0
6.97033e+08,3136.65,0
6.9997e+08,3149.86,0
7.02918e+08,3163.13,0
7.05879e+08,3176.46,0
7.08852e+08,3189.83,0
7.11837e+08,3203.27,0
7.14835e+08,3216.76,0
7.17844e+08,3230.3,0
7.20867e+08,3243.9,0
7.23901e+08,3257.55,0
7.26948e+08,3271.27,0
7.30008e+08,3285.03,0
7.3308e+08,3298.86,0
7.36164e+08,3312.74,0
7.39262e+08,3326.68,0
7.42372e+08,3340.67,0
7.45495e+08,3354.73,0
7.4863e+08,3368.84,0
7.51779e+08,3383,0
7.5494e+08,3397.23,0
7.58115e+08,3411.52,0
7.61302e+08,3425.86,0
7.64503e+08,3440.26,0
7.67717e+08,3454.72,0
7.70943e+08,3469.25,0
7.74184e+08,3483.83,0
7.77437e+08,3498.47,0
7.80704e+08,3513.17,0
7.83984e+08,3527.93,0
7.87277e+08,3542.75,0
7.90585e+08,3557.63,0
7.93905e+08,3572.57,0
7.9724e+08,3587.58,0
8.00588e+08,3602.64,0
8.03949e+08,3617.77,0
8.07325e+08,3632.96,0
8.10714e+08,3648.21,0
8.14117e+08,3663.53,0
8.17534e+08,3678.9,0
8.20965e+08,3694.34,0
8.24411e+08,3709.85,0
8.2787e+08,3725.41,0
8.31343e+08,3741.04,0
8.34831e+08,3756.74,0
8.38333e+08,3772.5,0
8.41849e+08,3788.32,0
8.4538e+08,3804.21,0
8.48925e+08,3820.16,0
8.52485e+08,3836.18,0
8.56059e+08,3852.26,0
8.59648e+08,3868.41,0
8.63251e+08,3884.63,0
8.6687e+08,3900.91,0
8.70503e+08,3917.26,0
8.74151e+08,3933.68,0
8.77813e+08,3950.16,0
8.81491e+08,3966.71,0
8.85184e+08,3983.33,0
8.88892e+08,4000.01,0
8.92615e+08,4016.77,0
8.96354e+08,4033.59,0
9.00107e+08,4050.48,0
9.03876e+08,4067.44,0
9.07661e+08,4084.47,0
9.1146e+08,4101.57,0
9.15276e+08,4118.74,0
9.19107e+08,4135.98,0
9.22953e+08,4153.29,0
9.26816e+08,4170.67,0
9.30694e+08,4188.12,0
9.34588e+08,4205.64,0
9.38497e+08,4223.24,0
9.42423e+08,4240.9,0
9.46365e+08,4258.64,0
9.50323e+08,4276.45,0
9.54297e+08,4294.34,0
9.58287e+08,4312.29,0
9.62294e+08,4330.32,0
9.66317e+08,4348.43,0
9.70356e+08,4366.6,0
9.74412e+08,4384.85,0
9.78484e+08,4403.18,0
9.82573e+08,4421.58,0
9.86679e+08,4440.05,0
9.90801e+08,4458.6,0
9.9494e+08,4477.23,0
9.99096e+08,4495.93,0
1.00327e+09,4514.71,0
1.00746e+09,4533.57,0
1.01167e+09,4552.5,0
1.01589e+09,4571.51,0
1.02013e+09,4590.59,0
1.02439e+09,4609.76,0
1.02867e+09,4629,0
1.03296e+09,4648.32,0
1.03727e+09,4667.72,0
1.0416e+09,4687.2,0
1.04595e+09,4706.76,0
1.05031e+09,4726.39,0
1.05469e+09,4746.11,0
1.05909e+09,4765.91,0
1.06351e+09,4785.79,0
1.06794e+09,4805.75,0
1.0724e+09,4825.79,0
1.07687e+09,4845.91,0
1.08136e+09,4866.11,0
1.08587e+09,4886.4,0
1.09039e+09,4906.77,0
1.09494e+09,4927.22,0
1.0995e+09,4947.75,0
1.10408e+09,4968.37,0
1.10868e+09,4989.07,0
1.1133e+09,5009.86,0
1.11794e+09,5030.73,0
1.1226e+09,5051.69,0
1.12727e+09,5072.73,0
1.13197e+09,5093.85,0
1.13668e+09,5115.06,0
1.14141e+09,5136.36,0
1.14617e+09,5157.75,0
1.15094e+09,5179.22,0
1.15573e+09,5200.78,0
1.16054e+09,5222.42,0
1.16537e+09,5244.16,0
1.17022e+09,5265.98,0
1.17509e+09,5287.89,0
1.17998e+09,5309.89,0
1.18488e+09,5331.98,0
1.18981e+09,5354.16,0
1.19476e+09,5376.43,0
1.19973e+09,5398.79,0
1.20472e+09,5421.24,0
1.20973e+09,5443.78,0
1.21476e+09,5466.41,0
1.21981e+09,5489.14,0
1.22488e+09,5511.96,0
1.22997e+09,5534.87,0
1.23508e+09,5557.87,0
1.24021e+09,5580.96,0
1.24537e+09,5604.15,0
1.25054e+09,5627.44,0
1.25574e+09,5650.81,0
1.26095e+09,5674.29,0
1.26619e+09,5697.85,0
1.27145e+09,5721.52,0
1.27673e+09,5745.28,0
1.28203e+09,5769.13,0
1.28735e+09,5793.08,0
1.2927e+09,5817.13,0
1.29806e+09,5841.28,0
1.30345e+09,5865.52,0
1.30886e+09,5889.86,0
1.31429e+09,5914.31,0
1.31974e+09,5938.84,0
1.32522e+09,5963.48,0
1.33072e+09,5988.22,0
1.33624e+09,6013.06,0
1.34178e+09,6038,0
1.34734e+09,6063.04,0
1.35293e+09,6088.18,0
1.35854e+09,6113.43,0
1.36417e+09,6138.77,0
1.36983e+09,6164.22,0
1.37551e+09,6189.77,0
1.38121e+09,6215.43,0
1.38693e+09,6241.19,0
1.39268e+09,6267.05,0
1.39845e+09,6293.02,0
1.40424e+09,6319.09,0
1.41006e+09,6345.26,0
1.4159e+09,6371.55,0
1.42176e+09,6397.94,0
1.42765e+09,6424.43,0
1.43356e+09,6451.04,0
1.4395e+09,6477.75,0
1.44546e+09,6504.57,0
1.45144e+09,6531.49,0
1.45745e+09,6558.53,0
1.46348e+09,6585.67,0
1.46954e+09,6612.93,0
1.47562e+09,6640.29,0
1.48173e+09,6667.77,0
1.48786e+09,6695.35,0
1.49401e+09,6723.05,0
1.50019e+09,6750.86,0
1.5064e+09,6778.78,0
1.51263e+09,6806.81,0
1.51888e+09,6834.96,0
1.52516e+09,6863.22,0
1.53147e+09,6891.6,0
1.5378e+09,6920.09,0
1.54415e+09,6948.69,0
1.55054e+09,6977.41,0
1.55694e+09,7006.24,0
1.56338e+09,7035.2,0
1.56984e+09,7064.26,0
1.57632e+09,7093.45,0
1.58283e+09,7122.75,0
1.58937e+09,7152.17,0
1.59594e+09,7181.71,0
1.60253e+09,7211.37,0
1.60914e+09,7241.15,0
1.61579e+09,7271.05,0
1.62246e+09,7301.07,0
1.62916e+09,7331.2,0
1.63588e+09,7361.47,0
1.64263e+09,7391.85,0
1.64941e+09,7422.35,0
1.65622e+09,7452.98,0
1.66305e+09,7483.73,0
1.66991e+09,7514.61,0
1.6768e+09,7545.61,0
1.68372e+09,7576.73,0
1.69066e+09,7607.98,0
1.69763e+09,7639.35,0
1.70463e+09,7670.86,0
1.71166e+09,7702.48,0
1.71872e+09,7734.24,0
1.7258e+09,7766.12,0
1.73292e+09,7798.13,0
1.74006e+09,7830.27,0
1.74723e+09,7862.54,0
1.75443e+09,7894.94,0
1.76166e+09,7927.47,0
1.76892e+09,7960.13,0
1.7762e+09,7992.92,0
1.78352e+09,8025.84,0
1.79087e+09,8058.9,0
1.79824e+09,8092.09,0
1.80565e+09,8125.41,0
1.81308e+09,8158.86,0
1.82054e+09,8192.45,0
1.82804e+09,8226.18,0
1.83556e+09,8260.04,0
1.84312e+09,8294.03,0
1.8507e+09,8328.16,0
1.85832e+09,8362.43,0
1.86596e+09,8396.84,0
1.87364e+09,8431.39,0
1.88135e+09,8466.07,0
1.88909e+09,8500.89,0
1.89686e+09,8535.85,0
1.90466e+09,8570.96,0
1.91249e+09,8606.2,0
1.92035e+09,8641.59,0
1.92825e+09,8677.11,0
1.93617e+09,8712.78,0
1.94413e+09,8748.6,0
1.95212e+09,8784.55,0
1.96014e+09,8820.65,0
1.9682e+09,8856.9,0
1.97629e+09,8893.29,0
1.98441e+09,8929.82,0
1.99256e+09,8966.51,0
2.00074e+09,9003.33,0
2.00896e+09,9040.31,0
2.01721e+09,9077.44,0
2.02549e+09,9114.71,0
2.03381e+09,9152.13,0
2.04216e+09,9189.71,0
2.05054e+09,9227.43,0
2.05896e+09,9265.31,0
2.06741e+09,9303.33,0
2.07589e+09,9341.51,0
2.08441e+09,9379.84,0
2.09296e+09,9418.33,0
2.10155e+09,9456.97,0
2.11017e+09,9495.76,0
2.11882e+09,9534.71,0
2.12751e+09,9573.81,0
2.13624e+09,9613.07,0
2.145e+09,9652.49,0
2.15379e+09,9692.07,0
2.16262e+09,9731.8,0
2.17149e+09,9771.69,0
2.18039e+09,9811.75,0
2.18932e+09,9851.96,0
2.1983e+09,9892.33,0
2.2073e+09,9932.87,0
2.21635e+09,9973.56,0
2.22543e+09,10014.4,0
2.23454e+09,10055.4,0
2.2437e+09,10096.6,0
2.25289e+09,10138,0
2.26211e+09,10179.5,0
2.27137e+09,10221.2,0
2.28067e+09,10263,0
2.29001e+09,10305,0
2.29938e+09,10347.2,0
2.3088e+09,10389.6,0
2.31825e+09,10432.1,0
2.32773e+09,10474.8,0
2.33726e+09,10517.7,0
2.34682e+09,10560.7,0
2.35642e+09,10603.9,0
2.36606e+09,10647.3,0
2.37574e+09,10690.8,0
2.38545e+09,10734.5,0
2.39521e+09,10778.4,0
2.405e+09,10822.5,0
2.41484e+09,10866.8,0
2.42471e+09,10911.2,0
2.43462e+09,10955.8,0
2.44457e+09,11000.6,0
2.45456e+09,11045.5,0
2.46459e+09,11090.7,0
2.47466e+09,11136,0
2.48477e+09,11181.5,0
2.49492e+09,11227.2,0
2.50512e+09,11273,0
2.51535e+09,11319.1,0
2.52562e+09,11365.3,0
2.53593e+09,11411.7,0
2.54629e+09,11458.3,0
2.55669e+09,11505.1,0
2.56712e+09,11552.1,0
2.5776e+09,11599.2,0
2.58812e+09,11646.6,0
2.59869e+09,11694.1,0
2.60929e+09,11741.8,0
2.61994e+09,11789.7,0
2.63063e+09,11837.8,0
2.64136e+09,11886.1,0
2.65213e+09,11934.6,0
2.66295e+09,11983.3,0
2.67381e+09,12032.1,0
2.68471e+09,12081.2,0
2.69566e+09,12130.5,0
2.70665e+09,12179.9,0
2.71769e+09,12229.6,0
2.72876e+09,12279.4,0
2.73989e+09,12329.5,0
2.75105e+09,12379.7,0
2.76226e+09,12430.2,0
2.77352e+09,12480.8,0
2.78482e+09,12531.7,0
2.79616e+09,12582.7,0
2.80755e+09,12634,0
2.81899e+09,12685.4,0
2.83047e+09,12737.1,0
2.842e+09,12789,0
2.85357e+09,12841.1,0
2.86519e+09,12893.3,0
2.87685e+09,12945.8,0
2.88856e+09,12998.5,0
2.90032e+09,13051.4,0
2.91212e+09,13104.5,0
2.92397e+09,13157.9,0
2.93587e+09,13211.4,0
2.94781e+09,13265.2,0
2.95981e+09,13319.1,0
2.97184e+09,13373.3,0
2.98393e+09,13427.7,0
2.99607e+09,13482.3,0
3.00825e+09,13537.1,0
3.02048e+09,13592.2,0
3.03276e+09,13647.4,0
3.04509e+09,13702.9,0
3.05747e+09,13758.6,0
3.0699e+09,13814.5,0
3.08237e+09,13870.7,0
3.0949e+09,13927,0
3.10747e+09,13983.6,0
3.1201e+09,14040.4,0
3.13277e+09,14097.5,0
3.1455e+09,14154.8,0
3.15828e+09,14212.2,0
3.1711e+09,14270,0
3.18398e+09,14327.9,0
3.19691e+09,14386.1,0
3.20989e+09,14444.5,0
3.22292e+09,14503.1,0
3.236e+09,14562,0
3.24913e+09,14621.1,0
3.26232e+09,14680.4,0
3.27556e+09,14740,0
3.28885e+09,14799.8,0
3.30219e+09,14859.9,0
3.31559e+09,14920.2,0
3.32904e+09,14980.7,0
3.34254e+09,15041.4,0
3.3561e+09,15102.4,0
3.36971e+09,15163.7,0
3.38337e+09,15225.2,0
3.39709e+09,15286.9,0
3.41086e+09,15348.9,0
3.42468e+09,15411.1,0
3.43856e+09,15473.5,0
3.4525e+09,15536.2,0
3.46649e+09,15599.2,0
3.48054e+09,15662.4,0
3.49464e+09,15725.9,0
3.50879e+09,15789.6,0
3.52301e+09,15853.5,0
3.53728e+09,15917.7,0
3.5516e+09,15982.2,0
3.56598e+09,16046.9,0
3.58042e+09,16111.9,0
3.59492e+09,16177.1,0
3.60947e+09,16242.6,0
3.62408e+09,16308.4,0
3.63875e+09,16374.4,0
3.65348e+09,16440.6,0
3.66826e+09,16507.2,0
3.6831e+09,16574,0
3.698e+09,16641,0
3.71296e+09,16708.3,0
3.72798e+09,16775.9,0
3.74306e+09,16843.8,0
3.7582e+09,16911.9,0
3.77339e+09,16980.3,0
3.78865e+09,17048.9,0
3.80397e+09,17117.9,0
3.81935e+09,17187.1,0
3.83478e+09,17256.5,0
3.85028e+09,17326.3,0
3.86584e+09,17396.3,0
3.88147e+09,17466.6,0
3.89715e+09,17537.2,0
3.91289e+09,17608,0
3.9287e+09,17679.2,0
3.94457e+09,17750.6,0
3.9605e+09,17822.3,0
3.9765e+09,17894.2,0
3.99255e+09,17966.5,0
4.00867e+09,18039,0
4.02486e+09,18111.9,0
4.04111e+09,18185,0
4.05742e+09,18258.4,0
4.07379e+09,18332.1,0
4.09023e+09,18406.1,0
4.10674e+09,18480.3,0
4.12331e+09,18554.9,0
4.13994e+09,18629.7,0
4.15664e+09,18704.9,0
4.17341e+09,18780.3,0
4.19024e+09,18856.1,0
4.20714e+09,18932.1,0
4.22411e+09,19008.5,0
4.24114e+09,19085.1,0
4.25824e+09,19162.1,0
4.2754e+09,19239.3,0
4.29264e+09,19316.9,0
4.30994e+09,19394.7,0
4.32731e+09,19472.9,0
4.34474e+09,19551.3,0
4.36225e+09,19630.1,0
4.37982e+09,19709.2,0
4.39747e+09,19788.6,0
4.41518e+09,19868.3,0
4.43296e+09,19948.3,0
4.45082e+09,20028.7,0
4.46874e+09,20109.3,0
4.48673e+09,20190.3,0
4.50479e+09,20271.6,0
4.52293e+09,20353.2,0
4.54113e+09,20435.1,0
4.55941e+09,20517.3,0
4.57776e+09,20599.9,0
4.59618e+09,20682.8,0
4.61467e+09,20766,0
4.63324e+09,20849.6,0
4.65188e+09,20933.4,0
4.67059e+09,21017.6,0
4.68937e+09,21102.2,0
4.70823e+09,21187,0
4.72716e+09,21272.2,0
4.74617e+09,21357.8,0
4.76525e+09,21443.6,0
4.78441e+09,21529.8,0
4.80364e+09,21616.4,0
4.82294e+09,21703.2,0
4.84233e+09,21790.5,0
4.86178e+09,21878,0
4.88132e+09,21965.9,0
4.90093e+09,22054.2,0
4.92062e+09,22142.8,0
4.94038e+09,22231.7,0
4.96022e+09,22321,0
4.98014e+09,22410.6,0
5.00014e+09,22500.6,0
5.02022e+09,22591,0
5.04037e+09,22681.7,0
5.0606e+09,22772.7,0
5.08092e+09,22864.1,0
5.10131e+09,22955.9,0
5.12178e+09,23048,0
5.14233e+09,23140.5,0
5.16297e+09,23233.3,0
5.18368e+09,23326.6,0
5.20447e+09,23420.1,0
5.22535e+09,23514.1,0
5.24631e+09,23608.4,0
5.26734e+09,23703,0
5.28847e+09,23798.1,0
5.30967e+09,23893.5,0
5.33096e+09,23989.3,0
5.35233e+09,24085.5,0
5.37378e+09,24182,0
5.39532e+09,24278.9,0
5.41694e+09,24376.2,0
5.43864e+09,24473.9,0
5.46043e+09,24572,0
5.48231e+09,24670.4,0
5.50427e+09,24769.2,0
5.52632e+09,24868.4,0
5.54845e+09,24968,0
5.57067e+09,25068,0
5.59298e+09,25168.4,0
5.61537e+09,25269.2,0
5.63785e+09,25370.3,0
5.66042e+09,25471.9,0
5.68308e+09,25573.8,0
5.70582e+09,25676.2,0
5.72866e+09,25779,0
5.75158e+09,25882.1,0
5.77459e+09,25985.7,0
5.79769e+09,26089.6,0
5.82088e+09,26194,0
5.84417e+09,26298.8,0
5.86754e+09,26403.9,0
5.89101e+09,26509.5,0
5.91456e+09,26615.5,0
5.93821e+09,26721.9,0
5.96195e+09,26828.8,0
5.98578e+09,26936,0
6.00971e+09,27043.7,0
6.03372e+09,27151.8,0
6.05784e+09,27260.3,0
6.08204e+09,27369.2,0
6.10634e+09,27478.5,0
6.13074e+09,27588.3,0
6.15523e+09,27698.5,0
6.17981e+09,27809.2,0
6.20449e+09,27920.2,0
6.22927e+09,28031.7,0
6.25415e+09,28143.7,0
6.27912e+09,28256,0
6.30418e+09,28368.8,0
6.32935e+09,28482.1,0
6.35461e+09,28595.8,0
6.37997e+09,28709.9,0
6.40543e+09,28824.4,0
6.43099e+09,28939.5,0
6.45665e+09,29054.9,0
6.48241e+09,29170.8,0
6.50827e+09,29287.2,0
6.53423e+09,29404,0
6.56029e+09,29521.3,0
6.58645e+09,29639,0
6.61271e+09,29757.2,0
6.63908e+09,29875.8,0
6.66554e+09,29994.9,0
6.69211e+09,30114.5,0
6.71879e+09,30234.5,0
6.74556e+09,30355,0
6.77244e+09,30476,0
6.79943e+09,30597.4,0
6.82652e+09,30719.3,0
6.85372e+09,30841.7,0
6.88102e+09,30964.6,0
6.90843e+09,31087.9,0
6.93594e+09,31211.7,0
6.96356e+09,31336,0
6.99129e+09,31460.8,0
7.01912e+09,31586.1,0
7.04707e+09,31711.8,0
7.07512e+09,31838,0
7.10328e+09,31964.8,0
7.13155e+09,32092,0
7.15993e+09,32219.7,0
7.18842e+09,32347.9,0
7.21702e+09,32476.6,0
7.24573e+09,32605.8,0
7.27455e+09,32735.5,0
7.30348e+09,32865.7,0
7.33253e+09,32996.4,0
7.36169e+09,33127.6,0
7.39096e+09,33259.3,0
7.42035e+09,33391.6,0
7.44985e+09,33524.3,0
7.47946e+09,33657.6,0
7.50919e+09,33791.3,0
7.53903e+09,33925.6,0
7.56899e+09,34060.5,0
7.59907e+09,34195.8,0
7.62926e+09,34331.7,0
7.65957e+09,34468,0
7.68999e+09,34605,0
7.72054e+09,34742.4,0
7.7512e+09,34880.4,0
7.78198e+09,35018.9,0
7.81288e+09,35157.9,0
7.8439e+09,35297.5,0
7.87504e+09,35437.7,0
7.9063e+09,35578.3,0
7.93768e+09,35719.5,0
7.96918e+09,35861.3,0
8.0008e+09,36003.6,0
8.03255e+09,36146.5,0
8.06442e+09,36289.9,0
8.09641e+09,36433.8,0
8.12853e+09,36578.4,0
8.16077e+09,36723.4,0
8.19313e+09,36869.1,0
8.22562e+09,37015.3,0
8.25824e+09,37162.1,0
8.29098e+09,37309.4,0
8.32385e+09,37457.3,0
8.35684e+09,37605.8,0
8.38996e+09,37754.8,0
8.42321e+09,37904.5,0
8.45659e+09,38054.7,0
8.4901e+09,38205.5,0
8.52374e+09,38356.8,0
8.5575e+09,38508.8,0
8.5914e+09,38661.3,0
8.62543e+09,38814.4,0
8.65959e+09,38968.2,0
8.69388e+09,39122.5,0
8.72831e+09,39277.4,0
8.76286e+09,39432.9,0
8.79755e+09,39589,0
8.83238e+09,39745.7,0
8.86733e+09,39903,0
8.90243e+09,40060.9,0
8.93766e+09,40219.5,0
8.97302e+09,40378.6,0
9.00852e+09,40538.3,0
9.04416e+09,40698.7,0
9.07993e+09,40859.7,0
9.11585e+09,41021.3,0
9.1519e+09,41183.5,0
9.18809e+09,41346.4,0
9.22442e+09,41509.9,0
9.26089e+09,41674,0
9.2975e+09,41838.7,0
9.33425e+09,42004.1,0
9.37114e+09,42170.1,0
9.40818e+09,42336.8,0
9.44535e+09,42504.1,0
9.48267e+09,42672,0
9.52014e+09,42840.6,0
9.55775e+09,43009.9,0
9.5955e+09,43179.8,0
9.6334e+09,43350.3,0
9.67144e+09,43521.5,0
9.70964e+09,43693.4,0
9.74797e+09,43865.9,0
9.78646e+09,44039.1,0
9.82509e+09,44212.9,0
9.86388e+09,44387.4,0
9.90281e+09,44562.6,0
9.94189e+09,44738.5,0
9.98112e+09,44915,0
1.00205e+10,45092.3,0
1.006e+10,45270.2,0
1.00997e+10,45448.7,0
1.01396e+10,45628,0
1.01796e+10,45808,0
1.02197e+10,45988.6,0
1.026e+10,46170,0
1.03005e+10,46352,0
1.03411e+10,46534.8,0
1.03818e+10,46718.2,0
1.04227e+10,46902.4,0
1.04638e+10,47087.2,0
1.05051e+10,47272.8,0
1.05465e+10,47459.1,0
1.0588e+10,47646.1,0
1.06297e+10,47833.8,0
1.06716e+10,48022.2,0
1.07136e+10,48211.4,0
1.07558e+10,48401.3,0
1.07982e+10,48591.9,0
1.08407e+10,48783.2,0
1.08834e+10,48975.3,0
1.09262e+10,49168.1,0
1.09693e+10,49361.7,0
1.10124e+10,49556,0
1.10558e+10,49751,0
1.10993e+10,49946.8,0
1.1143e+10,50143.3,0
1.11868e+10,50340.6,0
1.12308e+10,50538.7,0
1.1275e+10,50737.5,0
1.13194e+10,50937.1,0
1.13639e+10,51137.4,0
1.14086e+10,51338.5,0
1.14534e+10,51540.4,0
1.14985e+10,51743.1,0
1.15437e+10,51946.5,0
1.1589e+10,52150.7,0
1.16346e+10,52355.7,0
1.16803e+10,52561.4,0
1.17262e+10,52768,0
1.17723e+10,52975.4,0
1.18186e+10,53183.5,0
1.1865e+10,53392.4,0
1.19116e+10,53602.2,0
1.19584e+10,53812.7,0
1.20054e+10,54024.1,0
1.20525e+10,54236.3,0
1.20998e+10,54449.2,0
1.21473e+10,54663,0
1.2195e+10,54877.6,0
1.22429e+10,55093,0
1.2291e+10,55309.3,0
1.23392e+10,55526.4,0
1.23876e+10,55744.3,0
1.24362e+10,55963,0
1.2485e+10,56182.6,0
1.2534e+10,56403,0
1.25832e+10,56624.3,0
1.26325e+10,56846.4,0
1.26821e+10,57069.3,0
1.27318e+10,57293.1,0
1.27817e+10,57517.8,0
1.28318e+10,57743.3,0
1.28822e+10,57969.7,0
1.29327e+10,58196.9,0
1.29833e+10,58425.1,0
1.30342e+10,58654,0
1.30853e+10,58883.9,0
1.31366e+10,59114.6,0
1.31881e+10,59346.3,0
1.32397e+10,59578.8,0
1.32916e+10,59812.1,0
1.33436e+10,60046.4,0
1.33959e+10,60281.6,0
1.34484e+10,60517.7,0
1.3501e+10,60754.6,0
1.35539e+10,60992.5,0
1.3607e+10,61231.3,0
1.36602e+10,61471,0
1.37137e+10,61711.6,0
1.37674e+10,61953.1,0
1.38212e+10,62195.6,0
1.38753e+10,62439,0
1.39296e+10,62683.3,0
1.39841e+10,62928.5,0
1.40388e+10,63174.7,0
1.40937e+10,63421.8,0
1.41488e+10,63669.8,0
1.42042e+10,63918.8,0
1.42597e+10,64168.7,0
1.43155e+10,64419.6,0
1.43714e+10,64671.5,0
1.44276e+10,64924.3,0
1.4484e+10,65178,0
1.45406e+10,65432.8,0
1.45974e+10,65688.5,0
1.46545e+10,65945.2,0
1.47117e+10,66202.8,0
1.47692e+10,66461.5,0
1.48269e+10,66721.1,0
1.48848e+10,66981.7,0
1.4943e+10,67243.3,0
1.50013e+10,67505.9,0
1.50599e+10,67769.5,0
1.51187e+10,68034.1,0
1.51777e+10,68299.7,0
1.5237e+10,68566.3,0
1.52964e+10,68833.9,0
1.53561e+10,69102.6,0
1.54161e+10,69372.3,0
1.54762e+10,69642.9,0
1.55366e+10,69914.7,0
1.55972e+10,70187.4,0
1.5658e+10,70461.2,0
1.57191e+10,70736,0
1.57804e+10,71011.9,0
1.5842e+10,71288.9,0
1.59037e+10,71566.8,0
1.59657e+10,71845.9,0
1.6028e+10,72126,0
1.60905e+10,72407.1,0
1.61532e+10,72689.3,0
1.62161e+10,72972.6,0
1.62793e+10,73257,0
1.63428e+10,73542.5,0
1.64064e+10,73829,0
1.64704e+10,74116.6,0
1.65345e+10,74405.3,0
1.65989e+10,74695.1,0
1.66636e+10,74986.1,0
1.67285e+10,75278.1,0
1.67936e+10,75571.2,0
1.6859e+10,75865.4,0
1.69246e+10,76160.8,0
1.69905e+10,76457.2,0
1.70566e+10,76754.8,0
1.7123e+10,77053.6,0
1.71896e+10,77353.4,0
1.72565e+10,77654.4,0
1.73237e+10,77956.5,0
1.73911e+10,78259.8,0
1.74587e+10,78564.2,0
1.75266e+10,78869.8,0
1.75948e+10,79176.6,0
1.76632e+10,79484.5,0
1.77319e+10,79793.5,0
1.78008e+10,80103.8,0
1.787e+10,80415.2,0
1.79395e+10,80727.8,0
1.80092e+10,81041.5,0
1.80792e+10,81356.5,0
1.81495e+10,81672.7,0
1.822e+10,81990,0
1.82908e+10,82308.6,0
1.83618e+10,82628.3,0
1.84332e+10,82949.3,0
1.85048e+10,83271.5,0
1.85766e+10,83594.9,0
1.86488e+10,83919.5,0
1.87212e+10,84245.4,0
1.87939e+10,84572.4,0
1.88668e+10,84900.8,0
1.89401e+10,85230.3,0
1.90136e+10,85561.1,0
1.90874e+10,85893.2,0
1.91614e+10,86226.5,0
1.92358e+10,86561.1,0
1.93104e+10,86896.9,0
1.93853e+10,87234.1,0
1.94605e+10,87572.4,0
1.9536e+10,87912.1,0
1.96118e+10,88253,0
1.96878e+10,88595.3,0
1.97642e+10,88938.8,0
1.98408e+10,89283.6,0
1.99177e+10,89629.8,0
1.99949e+10,89977.2,0
2.00724e+10,90325.9,0
2.01502e+10,90676,0
2.02283e+10,91027.4,0
2.03067e+10,91380.1,0
2.03854e+10,91734.1,0
2.04643e+10,92089.5,0
2.05436e+10,92446.2,0
2.06232e+10,92804.3,0
2.0703e+10,93163.7,0
2.07832e+10,93524.5,0
2.08637e+10,93886.6,0
2.09445e+10,94250.1,0
2.10256e+10,94615,0
2.11069e+10,94981.2,0
2.11886e+10,95348.9,0
2.12706e+10,95717.9,0
2.1353e+10,96088.3,0
2.14356e+10,96460.1,0
2.15185e+10,96833.3,0
2.16018e+10,97207.9,0
2.16853e+10,97583.9,0
2.17692e+10,97961.3,0
2.18534e+10,98340.2,0
2.19379e+10,98720.5,0
2.20227e+10,99102.2,0
2.21079e+10,99485.3,0
2.21933e+10,99869.9,0
2.22791e+10,100256,0
2.23652e+10,100643,0
2.24517e+10,101032,0
2.25384e+10,101423,0
2.26255e+10,101815,0
2.27129e+10,102208,0
2.28007e+10,102603,0
2.28887e+10,102999,0
2.29771e+10,103397,0
2.30659e+10,103796,0
2.31549e+10,104197,0
2.32444e+10,104600,0
2.33341e+10,105003,0
2.34242e+10,105409,0
2.35146e+10,105816,0
2.36053e+10,106224,0
2.36964e+10,106634,0
2.37879e+10,107046,0
2.38797e+10,107459,0
2.39718e+10,107873,0
2.40643e+10,108289,0
2.41571e+10,108707,0
2.42503e+10,109126,0
2.43438e+10,109547,0
2.44377e+10,109970,0
2.45319e+10,110394,0
2.46265e+10,110819,0
2.47214e+10,111246,0
2.48167e+10,111675,0
2.49124e+10,112106,0
2.50084e+10,112538,0
2.51047e+10,112971,0
2.52015e+10,113407,0
2.52986e+10,113844,0
2.5396e+10,114282,0
2.54938e+10,114722,0
2.5592e+10,115164,0
2.56906e+10,115608,0
2.57895e+10,116053,0
2.58888e+10,116500,0
2.59885e+10,116948,0
2.60885e+10,117398,0
2.6189e+10,117850,0
2.62898e+10,118304,0
2.63909e+10,118759,0
2.64925e+10,119216,0
2.65944e+10,119675,0
2.66967e+10,120135,0
2.67994e+10,120598,0
2.69025e+10,121061,0
2.7006e+10,121527,0
2.71099e+10,121994,0
2.72141e+10,122463,0
2.73187e+10,122934,0
2.74238e+10,123407,0
2.75292e+10,123881,0
2.7635e+10,124358,0
2.77412e+10,124836,0
2.78478e+10,125315,0
2.79549e+10,125797,0
2.80623e+10,126280,0
2.81701e+10,126765,0
2.82783e+10,127252,0
2.83869e+10,127741,0
2.84959e+10,128232,0
2.86054e+10,128724,0
2.87152e+10,129219,0
2.88255e+10,129715,0
2.89361e+10,130213,0
2.90472e+10,130713,0
2.91587e+10,131214,0
2.92706e+10,131718,0
2.9383e+10,132223,0
2.94957e+10,132731,0
2.96089e+10,133240,0
2.97225e+10,133751,0
2.98365e+10,134264,0
2.9951e+10,134779,0
3.00658e+10,135296,0
3.01811e+10,135815,0
3.02969e+10,136336,0
3.0413e+10,136859,0
3.05296e+10,137383,0
3.06467e+10,137910,0
3.07641e+10,138439,0
3.0882e+10,138969,0
3.10004e+10,139502,0
3.11192e+10,140036,0
3.12384e+10,140573,0
3.13581e+10,141111,0
3.14782e+10,141652,0
3.15988e+10,142195,0
3.17198e+10,142739,0
3.18413e+10,143286,0
3.19632e+10,143834,0
3.20856e+10,144385,0
3.22084e+10,144938,0
3.23317e+10,145493,0
3.24555e+10,146050,0
3.25797e+10,146609,0
3.27044e+10,147170,0
3.28295e+10,147733,0
3.29551e+10,148298,0
3.30812e+10,148866,0
3.32078e+10,149435,0
3.33348e+10,150007,0
3.34623e+10,150580,0
3.35903e+10,151156,0
3.37187e+10,151734,0
3.38476e+10,152314,0
3.3977e+10,152897,0
3.41069e+10,153481,0
3.42373e+10,154068,0
3.43681e+10,154657,0
3.44995e+10,155248,0
3.46313e+10,155841,0
3.47636e+10,156436,0
3.48964e+10,157034,0
3.50297e+10,157634,0
3.51635e+10,158236,0
3.52978e+10,158840,0
3.54326e+10,159447,0
3.55679e+10,160056,0
3.57037e+10,160667,0
3.58401e+10,161280,0
3.59769e+10,161896,0
3.61142e+10,162514,0
3.6252e+10,163134,0
3.63904e+10,163757,0
3.65292e+10,164382,0
3.66686e+10,165009,0
3.68085e+10,165638,0
3.69489e+10,166270,0
3.70898e+10,166904,0
3.72313e+10,167541,0
3.73733e+10,168180,0
3.75158e+10,168821,0
3.76588e+10,169465,0
3.78024e+10,170111,0
3.79465e+10,170759,0
3.80911e+10,171410,0
3.82363e+10,172063,0
3.8382e+10,172719,0
3.85283e+10,173377,0
3.86751e+10,174038,0
3.88224e+10,174701,0
3.89703e+10,175366,0
3.91187e+10,176034,0
3.92677e+10,176705,0
3.94173e+10,177378,0
3.95674e+10,178053,0
3.9718e+10,178731,0
3.98692e+10,179412,0
4.0021e+10,180094,0
4.01733e+10,180780,0
4.03262e+10,181468,0
4.04797e+10,182159,0
4.06337e+10,182852,0
4.07883e+10,183547,0
4.09435e+10,184246,0
4.10992e+10,184947,0
4.12556e+10,185650,0
4.14125e+10,186356,0
4.157e+10,187065,0
4.1728e+10,187776,0
4.18867e+10,188490,0
4.20459e+10,189207,0
4.22058e+10,189926,0
4.23662e+10,190648,0
4.25272e+10,191372,0
4.26888e+10,192100,0
4.2851e+10,192830,0
4.30138e+10,193562,0
4.31772e+10,194298,0
4.33412e+10,195036,0
4.35059e+10,195776,0
4.36711e+10,196520,0
4.38369e+10,197266,0
4.40034e+10,198015,0
4.41705e+10,198767,0
4.43382e+10,199522,0
4.45065e+10,200279,0
4.46754e+10,201039,0
4.48449e+10,201802,0
4.50151e+10,202568,0
4.51859e+10,203337,0
4.53574e+10,204108,0
4.55294e+10,204883,0
4.57022e+10,205660,0
4.58755e+10,206440,0
4.60495e+10,207223,0
4.62241e+10,208009,0
4.63994e+10,208797,0
4.65753e+10,209589,0
4.67519e+10,210383,0
4.69291e+10,211181,0
4.7107e+10,211981,0
4.72855e+10,212785,0
4.74647e+10,213591,0
4.76446e+10,214400,0
4.78251e+10,215213,0
4.80063e+10,216028,0
4.81881e+10,216846,0
4.83706e+10,217668,0
4.85538e+10,218492,0
4.87377e+10,219320,0
4.89222e+10,220150,0
4.91075e+10,220984,0
4.92934e+10,221820,0
4.948e+10,222660,0
4.96672e+10,223503,0
4.98552e+10,224348,0
5.00439e+10,225197,0
5.02332e+10,226050,0
5.04233e+10,226905,0
5.0614e+10,227763,0
5.08055e+10,228625,0
5.09977e+10,229489,0
5.11905e+10,230357,0
5.13841e+10,231229,0
5.15784e+10,232103,0
5.17734e+10,232980,0
5.19691e+10,233861,0
5.21656e+10,234745,0
5.23628e+10,235632,0
5.25607e+10,236523,0
5.27593e+10,237417,0
5.29586e+10,238314,0
5.31587e+10,239214,0
5.33595e+10,240118,0
5.35611e+10,241025,0
5.37634e+10,241935,0
5.39664e+10,242849,0
5.41702e+10,243766,0
5.43748e+10,244687,0
5.45801e+10,245610,0
5.47861e+10,246538,0
5.49929e+10,247468,0
5.52005e+10,248402,0
5.54088e+10,249340,0
5.56179e+10,250281,0
5.58278e+10,251225,0
5.60384e+10,252173,0
5.62498e+10,253124,0
5.6462e+10,254079,0
5.66749e+10,255037,0
5.68887e+10,255999,0
5.71032e+10,256964,0
5.73185e+10,257933,0
5.75346e+10,258906,0
5.77515e+10,259882,0
5.79692e+10,260862,0
5.81877e+10,261845,0
5.8407e+10,262832,0
5.86271e+10,263822,0
5.8848e+10,264816,0
5.90697e+10,265814,0
5.92923e+10,266815,0
5.95156e+10,267820,0
5.97398e+10,268829,0
5.99647e+10,269841,0
6.01906e+10,270857,0
6.04172e+10,271877,0
6.06447e+10,272901,0
6.0873e+10,273928,0
6.11021e+10,274959,0
6.13321e+10,275994,0
6.15629e+10,277033,0
6.17946e+10,278076,0
6.20271e+10,279122,0
6.22604e+10,280172,0
6.24947e+10,281226,0
6.27297e+10,282284,0
6.29657e+10,283346,0
6.32025e+10,284411,0
6.34401e+10,285481,0
6.36787e+10,286554,0
6.39181e+10,287631,0
6.41584e+10,288713,0
6.43995e+10,289798,0
6.46416e+10,290887,0
6.48845e+10,291980,0
6.51283e+10,293078,0
6.53731e+10,294179,0
6.56187e+10,295284,0
6.58652e+10,296393,0
6.61126e+10,297507,0
6.63609e+10,298624,0
6.66101e+10,299746,0
6.68602e+10,300871,0
6.71113e+10,302001,0
6.73633e+10,303135,0
6.76161e+10,304273,0
6.78699e+10,305415,0
6.81247e+10,306561,0
6.83803e+10,307712,0
6.86369e+10,308866,0
6.88945e+10,310025,0
6.9153e+10,311188,0
6.94124e+10,312356,0
6.96727e+10,313527,0
6.99341e+10,314703,0
7.01963e+10,315883,0
7.04596e+10,317068,0
7.07237e+10,318257,0
7.09889e+10,319450,0
7.1255e+10,320648,0
7.15221e+10,321849,0
7.17902e+10,323056,0
7.20592e+10,324266,0
7.23292e+10,325482,0
7.26002e+10,326701,0
7.28722e+10,327925,0
7.31452e+10,329154,0
7.34192e+10,330386,0
7.36942e+10,331624,0
7.39702e+10,332866,0
7.42472e+10,334112,0
7.45252e+10,335363,0
7.48042e+10,336619,0
7.50842e+10,337879,0
7.53653e+10,339144,0
7.56473e+10,340413,0
7.59304e+10,341687,0
7.62146e+10,342966,0
7.64997e+10,344249,0
7.6786e+10,345537,0
7.70732e+10,346829,0
7.73615e+10,348127,0
7.76508e+10,349429,0
7.79412e+10,350736,0
7.82327e+10,352047,0
7.85252e+10,353363,0
7.88188e+10,354684,0
7.91134e+10,356010,0
7.94091e+10,357341,0
7.97059e+10,358677,0
8.00038e+10,360017,0
8.03028e+10,361362,0
8.06028e+10,362713,0
8.09039e+10,364068,0
8.12062e+10,365428,0
8.15095e+10,366793,0
8.18139e+10,368163,0
8.21194e+10,369538,0
8.24261e+10,370917,0
8.27339e+10,372302,0
8.30427e+10,373692,0
8.33527e+10,375087,0
8.36639e+10,376487,0
8.39761e+10,377893,0
8.42895e+10,379303,0
8.4604e+10,380718,0
8.49197e+10,382139,0
8.52365e+10,383564,0
8.55545e+10,384995,0
8.58736e+10,386431,0
8.61939e+10,387872,0
8.65153e+10,389319,0
8.68379e+10,390771,0
8.71617e+10,392228,0
8.74867e+10,393690,0
8.78128e+10,395158,0
8.81401e+10,396630,0
8.84686e+10,398109,0
8.87983e+10,399592,0
8.91292e+10,401081,0
8.94613e+10,402576,0
8.97946e+10,404076,0
9.01291e+10,405581,0
9.04648e+10,407092,0
9.08017e+10,408608,0
9.11399e+10,410129,0
9.14792e+10,411657,0
9.18198e+10,413189,0
9.21617e+10,414728,0
9.25048e+10,416271,0
9.28491e+10,417821,0
9.31947e+10,419376,0
9.35415e+10,420937,0
9.38895e+10,422503,0
9.42389e+10,424075,0
9.45895e+10,425653,0
9.49413e+10,427236,0
9.52945e+10,428825,0
9.56489e+10,430420,0
9.60046e+10,432021,0
9.63616e+10,433627,0
9.67199e+10,435239,0
9.70795e+10,436858,0
9.74403e+10,438482,0
9.78025e+10,440111,0
9.8166e+10,441747,0
9.85308e+10,443389,0
9.88969e+10,445036,0
9.92644e+10,446690,0
9.96332e+10,448349,0
1.00003e+11,450015,0
